userid,age,gender,domisili,pekerjaan,instansi,hobi
61377,18,female,Kota Magelang,Content writer,Universitas Gunadarma,Programming
16429,25,male,Kabupaten Bangkalan,Data analyst,Universitas Andalas (UNAND),Menonton
27812,54,male,Kota Bogor,Blogger,Universitas Negeri Malang (UM),Menonton
30786,39,female,Kabupaten Situbondo,Web developer,Universitas Udayana (UNUD),Mendengarkan musik
76660,45,male,Kabupaten Tulungagung,Data analyst,SMA A,Olahraga
10476,39,male,Kabupaten Lumajang,Infuencer,PT Gudang Garam Tbk,Programming
31025,27,female,Kabupaten Tulungagung,Mahasiswa,Universitas Negeri Semarang (UNNES),Mendengarkan musik
79192,31,male,Kota Bandung,Programmer,Universitas Negeri Jakarta (UNJ),Menulis
50048,50,female,Kabupaten Pacitan,Ilustrator,Universitas Airlangga (UNAIR),Merakit model
85501,14,female,Kota Pasuruan,App developer,Universitas Bina Nusantara (Binus),Menari
18982,84,female,Kota Batu,Content creator,PT Bank Rakyat Indonesia Tbk,Menulis
93248,21,male,Kabupaten Majalengka,Blogger,PT Gudang Garam Tbk,Menonton
5492,25,male,Kota Pekalongan,Infuencer,Universitas Andalas (UNAND),Makan
53003,38,male,Kabupaten Kulonprogo,Content creator,Universitas Indonesia (UI),Menonton
55312,24,male,Kabupaten Banjarnegara,Video editor,Universitas Gunadarma,Menyanyi
39535,20,female,Kabupaten Ciamis,Siswa,Universitas Gadjah Mada (UGM),Bermain game
3326,98,male,Kabupaten Demak,Web developer,Universitas Sebelas Maret (UNS),Menyanyi
4165,33,male,Kota Cirebon,Desain grafis,PT Semen Indonesia,Melukis
32088,21,male,Kabupaten Nganjuk,Blogger,Universitas Sumatera Utara (USU),Merakit model
25277,26,male,Kabupaten Pacitan,Siswa,SMA C,Menari
24779,50,male,Kabupaten Cianjur,Video editor,SMA A,Makan
66464,37,female,Kabupaten Sampang,Content writer,SMA C,Makan
90161,103,male,Kabupaten Karawang,Mahasiswa,PT Semen Indonesia,Menonton
36907,67,male,Kota Cilegon,Mahasiswa,PT Pertamina,Membaca
13705,33,male,Kabupaten Banyuwangi,App developer,Universitas Indonesia (UI),Memasak
39505,25,female,Kabupaten Sleman,Content writer,Institut Teknologi Sepuluh Nopember (ITS),Berkebun
240,18,male,Kabupaten Sukoharjo,Data analyst,PT PLN,Programming
56718,57,male,Kota Cilegon,Desain grafis,PT Unilever Indonesia,Memelihara hewan
54602,19,female,Kota Pekalongan,Penulis,PT Semen Indonesia,Bermain musik
37574,63,male,Kota Surakarta,Content writer,Universitas Gunadarma,Menonton
58033,36,female,Kabupaten Pati,Siswa,Universitas Diponegoro (UNDIP),Olahraga
13382,18,female,Kabupaten Bandung Barat,Mahasiswa,Universitas Hasanuddin (UNHAS),Mendengarkan musik
8516,28,male,Kabupaten Karanganyar,Content creator,Universitas Airlangga (UNAIR),Berkebun
98631,60,female,Kabupaten Wonosobo,Penerjemah,PT Bank Mandiri Tbk,Membaca
28423,25,male,Kabupaten Pamekasan,Data analyst,PT Bank Rakyat Indonesia Tbk,Melukis
8931,46,female,Kabupaten Ciamis,Content writer,Universitas Sumatera Utara (USU),Olahraga
17413,62,male,Kota Batu,App developer,Universitas Negeri Jakarta (UNJ),Membaca
87577,17,male,Kota Tegal,Programmer,Universitas Sumatera Utara (USU),Makan
22670,21,male,Kabupaten Klaten,Ilustrator,PT Bank Central Asia Tbk,Berkebun
73591,19,male,Kota Serang,Infuencer,Universitas Hasanuddin (UNHAS),Olahraga
37548,43,male,Kabupaten Pacitan,Content creator,Universitas Indonesia (UI),Menganyam
19970,19,male,Kota Pekalongan,Infuencer,Universitas Bina Nusantara (Binus),Menonton
68064,55,female,Kabupaten Bojonegoro,Ilustrator,SMA B,Melukis
31730,23,male,Kabupaten Kulonprogo,Siswa,PT Astra International,Bermain musik
84635,20,female,Kota Malang,Web developer,Universitas Andalas (UNAND),Melukis
44472,35,male,Kabupaten Boyolali,Video editor,PT Unilever Indonesia,Menyanyi
20838,78,female,Kabupaten Kediri,Data analyst,Universitas Diponegoro (UNDIP),Bermain musik
21673,23,male,Kabupaten Sleman,Web developer,Universitas Airlangga (UNAIR),Programming
54619,33,male,Kota Bandung,Mahasiswa,PT Semen Indonesia,Eksplor alam
55384,42,male,Kota Madiun,Web developer,Universitas Sumatera Utara (USU),Programming
86274,95,female,Kota Kediri,App developer,PT Astra International,Menari
81438,25,male,Kota Malang,Penerjemah,PT Gudang Garam Tbk,Berkebun
94498,103,male,Kabupaten Sragen,Mahasiswa,PT Bank Negara Indonesia Tbk,Melukis
26560,25,male,Kota Probolinggo,App developer,Universitas Andalas (UNAND),Menyanyi
30012,55,female,Kabupaten Tangerang,Siswa,Universitas Telkom,Menonton
47097,15,male,Kabupaten Banyumas,Video editor,Universitas Bina Nusantara (Binus),Memelihara hewan
53947,53,male,Kabupaten Rembang,Mahasiswa,Universitas Negeri Semarang (UNNES),Menulis
80053,20,male,Kabupaten Cirebon,Web developer,Universitas Telkom,Merakit model
14773,38,female,Kota Tangerang,Mahasiswa,Universitas Padjadjaran (UNPAD),Berkebun
85979,15,female,Kota Cilegon,Blogger,PT PLN,Mendengarkan musik
38795,18,male,Kabupaten Sumenep,Siswa,Institut Teknologi Sepuluh Nopember (ITS),Menulis
58335,18,male,Kabupaten Sumenep,Ilustrator,Universitas Negeri Surabaya (UNESA),Programming
59487,16,male,Kabupaten Gunungkidul,Ilustrator,SMA C,Melukis
21808,31,male,Kabupaten Jombang,Content creator,PT Freeport,Mendengarkan musik
61888,18,male,Kabupaten Sampang,Content writer,PT Pertamina,Menganyam
63845,21,female,Kabupaten Majalengka,Penerjemah,Universitas Dian Nuswantoro,Menganyam
27369,24,male,Kota Magelang,Web developer,SMA C,Fotografi
31774,21,female,Kabupaten Jember,Ilustrator,Universitas Lampung (UNILA),Programming
34714,45,female,Kota Pekalongan,Penerjemah,PT Astra International,Menganyam
67267,18,female,Kabupaten Ciamis,Content writer,Universitas Telkom,Memasak
66635,36,female,Kabupaten Banyuwangi,Mahasiswa,SMA A,Fotografi
79885,47,female,Kota Bandung,Web developer,PT Freeport,Fotografi
15199,72,female,Kabupaten Cirebon,Data analyst,Universitas Negeri Surabaya (UNESA),Bermain game
57340,19,male,Kabupaten Kuningan,Programmer,PT Freeport,Bermain game
6022,35,female,Kabupaten Garut,Desain grafis,Institut Teknologi Bandung (ITB),Eksplor alam
65479,33,male,Kabupaten Lebak,Penerjemah,PT Bank Mandiri Tbk,Fotografi
31180,33,female,Kabupaten Bangkalan,Penulis,Universitas Sumatera Utara (USU),Merakit model
41410,25,male,Kota Pasuruan,Content creator,Universitas Lampung (UNILA),Menyanyi
9957,53,male,Kabupaten Purwakarta,Video editor,Universitas Negeri Malang (UM),Programming
33738,37,male,Kota Surakarta,App developer,Universitas Sumatera Utara (USU),Fotografi
69523,18,male,Kabupaten Wonosobo,Penerjemah,Institut Teknologi Sepuluh Nopember (ITS),Menulis
33127,38,male,Kabupaten Pandeglang,Data analyst,Universitas Andalas (UNAND),Makan
38108,51,male,Kabupaten Kebumen,Content creator,PT Pertamina,Bermain game
67632,15,male,Kabupaten Jember,Video editor,Universitas Airlangga (UNAIR),Makan
20532,20,male,Kabupaten Purwakarta,App developer,Institut Teknologi Sepuluh Nopember (ITS),Menonton
35652,65,female,Kota Batu,Content creator,Universitas Negeri Semarang (UNNES),Mendengarkan musik
42026,54,female,Kota Malang,Penulis,Universitas Gadjah Mada (UGM),Berkebun
38878,55,female,Kabupaten Lebak,Desain grafis,PT Bank Rakyat Indonesia Tbk,Berkebun
28336,18,male,Kota Tasikmalaya,Desain grafis,Universitas Padjadjaran (UNPAD),Olahraga
54713,103,male,Kota Blitar,Penerjemah,PT PLN,Mendengarkan musik
86644,48,male,Kota Probolinggo,App developer,PT Gudang Garam Tbk,Kolektor
69667,21,male,Kabupaten Pandeglang,Infuencer,PT Bank Central Asia Tbk,Eksplor alam
90961,60,male,Kabupaten Majalengka,Content writer,SMA A,Bermain musik
24821,69,female,Kabupaten Pati,Content creator,PT Telkom Indonesia,Kolektor
29381,25,male,Kabupaten Sampang,Video editor,PT Bank Negara Indonesia Tbk,Fotografi
92130,20,female,Kabupaten Cirebon,Web developer,Universitas Andalas (UNAND),Memelihara hewan
77047,20,male,Kota Sukabumi,Penerjemah,SMA C,Menyanyi
22661,57,female,Kabupaten Magetan,Ilustrator,Universitas Diponegoro (UNDIP),Memasak
84550,49,male,Kabupaten Tegal,Infuencer,Universitas Udayana (UNUD),Membaca
12523,41,male,Kabupaten Sampang,Content creator,Universitas Bina Nusantara (Binus),Menonton
47589,44,male,Kabupaten Tuban,Programmer,Universitas Dian Nuswantoro,Bermain musik
28136,75,male,Kabupaten Blitar,Data analyst,PT Gudang Garam Tbk,Makan
87333,23,female,Kota Pekalongan,Data analyst,Universitas Dian Nuswantoro,Fotografi
50615,24,male,Kabupaten Bangkalan,Programmer,Universitas Negeri Semarang (UNNES),Menganyam
86858,35,female,Kota Tangerang Selatan,Penulis,Universitas Airlangga (UNAIR),Menonton
30610,19,male,Kabupaten Kuningan,Blogger,Universitas Negeri Yogyakarta (UNY),Mendengarkan musik
24353,44,female,Kabupaten Lumajang,Infuencer,Universitas Brawijaya (UB),Bermain musik
20395,26,male,Kabupaten Banjarnegara,Data analyst,PT Garuda Indonesia,Bermain musik
82543,19,male,Kabupaten Karanganyar,Content writer,PT Semen Indonesia,Membaca
58781,21,female,Kota Pasuruan,Content creator,Universitas Negeri Malang (UM),Memasak
50560,23,male,Kabupaten Ponorogo,App developer,Universitas Brawijaya (UB),Merakit model
16101,58,male,Kabupaten Klaten,App developer,Universitas Gunadarma,Bermain musik
55031,57,male,Kabupaten Tegal,Penerjemah,Institut Teknologi Sepuluh Nopember (ITS),Menyanyi
32621,63,male,Kabupaten Pandeglang,Ilustrator,Universitas Diponegoro (UNDIP),Programming
86604,21,male,Kabupaten Jember,Penulis,Universitas Telkom,Olahraga
68193,14,male,Kota Probolinggo,Content writer,PT Pertamina,Mendengarkan musik
72286,52,female,Kabupaten Sumenep,Programmer,Universitas Padjadjaran (UNPAD),Bermain musik
23504,73,male,Kabupaten Sukabumi,Siswa,PT Bank Mandiri Tbk,Menyanyi
13833,21,male,Kabupaten Pasuruan,Ilustrator,Universitas Lampung (UNILA),Kolektor
30248,35,male,Kabupaten Sleman,Siswa,Institut Teknologi Bandung (ITB),Memasak
73625,16,male,Kabupaten Kediri,Blogger,Universitas Negeri Malang (UM),Merakit model
73320,23,female,Kabupaten Kebumen,Mahasiswa,Universitas Sumatera Utara (USU),Memasak
48435,14,male,Kabupaten Rembang,Content writer,PT Bank Mandiri Tbk,Melukis
94839,93,female,Kota Serang,Mahasiswa,Universitas Negeri Semarang (UNNES),Kolektor
91230,24,male,Kota Kediri,Ilustrator,Universitas Bina Nusantara (Binus),Menulis
48245,15,female,Kabupaten Kulonprogo,Content creator,PT Telkom Indonesia,Menganyam
30411,55,female,Kabupaten Klaten,Content writer,SMA A,Memasak
34532,22,male,Kabupaten Pamekasan,Content creator,Universitas Diponegoro (UNDIP),Menonton
74056,23,female,Kota Batu,Web developer,Universitas Negeri Semarang (UNNES),Memelihara hewan
65223,23,male,Kabupaten Bekasi,Content writer,Universitas Sumatera Utara (USU),Programming
82701,33,male,Kota Sukabumi,Mahasiswa,Universitas Sumatera Utara (USU),Membaca
39323,29,female,Kabupaten Kediri,Content creator,PT Garuda Indonesia,Makan
27406,33,female,Kabupaten Sleman,Infuencer,SMA B,Kolektor
17337,23,female,Kabupaten Ciamis,Blogger,Universitas Indonesia (UI),Olahraga
62421,63,male,Kabupaten Cilacap,Web developer,PT Garuda Indonesia,Berkebun
25792,22,male,Kabupaten Purworejo,Data analyst,Institut Teknologi Sepuluh Nopember (ITS),Melukis
30291,51,male,Kabupaten Situbondo,Siswa,PT Telkom Indonesia,Memasak
24098,22,male,Kabupaten Ngawi,Siswa,PT Bank Central Asia Tbk,Menulis
41853,57,male,Kabupaten Bondowoso,Web developer,Universitas Udayana (UNUD),Fotografi
25421,57,male,Kabupaten Lamongan,Ilustrator,Universitas Diponegoro (UNDIP),Berkebun
38317,55,female,Kabupaten Magelang,Web developer,PT Bank Mandiri Tbk,Memelihara hewan
728,27,female,Kota Batu,Ilustrator,Universitas Gunadarma,Menonton
66872,39,male,Kabupaten Bandung,Content creator,Universitas Negeri Malang (UM),Mendengarkan musik
13654,26,male,Kota Tangerang,Infuencer,PT Astra International,Olahraga
97715,22,female,Kota Tasikmalaya,Programmer,PT Bank Rakyat Indonesia Tbk,Menari
80493,16,male,Kabupaten Demak,Data analyst,PT Freeport,Membaca
36628,50,male,Kabupaten Boyolali,Mahasiswa,Universitas Negeri Jakarta (UNJ),Mendengarkan musik
13329,21,male,Kabupaten Brebes,Penerjemah,Universitas Negeri Yogyakarta (UNY),Menari
76225,23,male,Kabupaten Boyolali,Penulis,Universitas Gunadarma,Memasak
54476,51,female,Kabupaten Bandung,Ilustrator,Institut Teknologi Sepuluh Nopember (ITS),Melukis
97566,19,male,Kota Cilegon,Content creator,PT Gudang Garam Tbk,Programming
7485,25,male,Kota Salatiga,Programmer,Universitas Indonesia (UI),Bermain musik
23163,18,male,Kabupaten Blora,Ilustrator,Universitas Negeri Malang (UM),Berkebun
76548,103,female,Kota Serang,Web developer,PT Telkom Indonesia,Membaca
725,27,male,Kota Tangerang,Mahasiswa,Universitas Negeri Jakarta (UNJ),Menyanyi
24532,20,female,Kabupaten Sidoarjo,Infuencer,PT Bank Negara Indonesia Tbk,Menari
95728,87,male,Kabupaten Pandeglang,Penulis,Universitas Sumatera Utara (USU),Fotografi
52992,57,female,Kota Tangerang Selatan,Infuencer,Universitas Udayana (UNUD),Menganyam
45135,20,male,Kabupaten Pandeglang,Video editor,Universitas Negeri Semarang (UNNES),Programming
35638,52,male,Kabupaten Blora,Content creator,Universitas Indonesia (UI),Merakit model
97510,16,male,Kabupaten Madiun,Web developer,Universitas Hasanuddin (UNHAS),Menyanyi
83258,94,male,Kabupaten Gunungkidul,Desain grafis,Universitas Lampung (UNILA),Fotografi
97183,17,female,Kabupaten Tangerang,App developer,Universitas Airlangga (UNAIR),Memasak
47038,34,male,Kabupaten Batang,Mahasiswa,Universitas Sebelas Maret (UNS),Membaca
80125,18,male,Kabupaten Trenggalek,Desain grafis,Universitas Brawijaya (UB),Eksplor alam
45742,38,male,Kabupaten Tasikmalaya,Web developer,PT Bank Central Asia Tbk,Mendengarkan musik
14262,17,male,Kabupaten Sidoarjo,Mahasiswa,Universitas Lampung (UNILA),Berkebun
71222,28,female,Kabupaten Serang,App developer,PT Bank Central Asia Tbk,Fotografi
3136,17,female,Kota Batu,Mahasiswa,Universitas Dian Nuswantoro,Programming
17852,56,male,Kabupaten Tangerang,Data analyst,PT Bank Rakyat Indonesia Tbk,Membaca
92986,18,female,Kabupaten Lamongan,Siswa,Universitas Airlangga (UNAIR),Membaca
61294,52,male,Kabupaten Garut,Penerjemah,Universitas Lampung (UNILA),Makan
14182,18,female,Kabupaten Pamekasan,Blogger,Universitas Negeri Jakarta (UNJ),Bermain musik
53798,51,male,Kota Pasuruan,App developer,Universitas Brawijaya (UB),Menyanyi
34352,33,male,Kabupaten Bekasi,Content creator,Universitas Gadjah Mada (UGM),Programming
81596,20,male,Kabupaten Bandung,Ilustrator,Universitas Dian Nuswantoro,Bermain game
80381,25,male,Kota Salatiga,Mahasiswa,Universitas Negeri Malang (UM),Programming
30224,29,male,Kabupaten Wonosobo,Video editor,Institut Teknologi Sepuluh Nopember (ITS),Melukis
57070,31,female,Kabupaten Jember,App developer,Universitas Negeri Semarang (UNNES),Menyanyi
44972,23,female,Kabupaten Kulonprogo,Data analyst,Universitas Padjadjaran (UNPAD),Eksplor alam
92752,55,female,Kabupaten Magetan,Mahasiswa,PT Pertamina,Kolektor
58316,63,male,Kabupaten Blora,Content creator,Universitas Negeri Malang (UM),Melukis
78361,21,female,Kota Tasikmalaya,Desain grafis,PT Bank Mandiri Tbk,Memasak
14461,29,male,Kabupaten Sragen,App developer,Universitas Negeri Surabaya (UNESA),Memelihara hewan
55136,22,female,Kabupaten Mojokerto,Content creator,Universitas Hasanuddin (UNHAS),Menonton
17158,29,male,Kota Pasuruan,Blogger,Universitas Telkom,Olahraga
86861,108,female,Kabupaten Purbalingga,Infuencer,PT Semen Indonesia,Makan
67543,28,female,Kabupaten Trenggalek,Web developer,Universitas Dian Nuswantoro,Melukis
48363,39,male,Kabupaten Tuban,Ilustrator,Institut Teknologi Sepuluh Nopember (ITS),Membaca
67490,103,female,Kota Blitar,App developer,PT Semen Indonesia,Bermain musik
69090,32,male,Kabupaten Tegal,Data analyst,SMA C,Berkebun
70928,18,female,Kabupaten Bantul,Blogger,Universitas Bina Nusantara (Binus),Memelihara hewan
59846,20,female,Kabupaten Banyuwangi,App developer,Universitas Negeri Jakarta (UNJ),Bermain musik
60501,29,male,Kota Bogor,Infuencer,PT Gudang Garam Tbk,Eksplor alam
27392,70,female,Kabupaten Bekasi,Web developer,Universitas Sumatera Utara (USU),Kolektor
46514,90,male,Kota Tasikmalaya,App developer,Universitas Negeri Malang (UM),Makan
13543,24,female,Kabupaten Tasikmalaya,Programmer,Universitas Sebelas Maret (UNS),Olahraga
68348,21,male,Kota Cilegon,Desain grafis,Universitas Negeri Yogyakarta (UNY),Makan
90906,68,female,Kota Bandung,Siswa,Universitas Airlangga (UNAIR),Kolektor
47934,26,male,Kabupaten Boyolali,Video editor,Universitas Telkom,Bermain musik
19516,28,male,Kabupaten Sragen,Content writer,PT Garuda Indonesia,Berkebun
92145,21,male,Kabupaten Banyuwangi,Video editor,Universitas Bina Nusantara (Binus),Menganyam
18284,40,female,Kabupaten Cirebon,Mahasiswa,Universitas Padjadjaran (UNPAD),Menari
89850,18,male,Kota Probolinggo,Data analyst,PT PLN,Memasak
98561,19,male,Kota Banjar,Data analyst,PT Astra International,Membaca
30015,31,female,Kabupaten Subang,Content creator,PT Telkom Indonesia,Membaca
75538,40,male,Kabupaten Bandung,Penulis,Universitas Dian Nuswantoro,Memasak
85048,72,female,Kota Sukabumi,Penerjemah,SMA C,Olahraga
89711,21,female,Kabupaten Garut,App developer,PT Garuda Indonesia,Memelihara hewan
64644,18,female,Kota Madiun,Penerjemah,Universitas Sumatera Utara (USU),Kolektor
42357,28,female,Kabupaten Karanganyar,Ilustrator,Universitas Lampung (UNILA),Menganyam
35554,25,female,Kota Surabaya,Blogger,Universitas Dian Nuswantoro,Programming
41482,17,male,Kabupaten Mojokerto,Infuencer,PT Freeport,Bermain game
16561,41,female,Kabupaten Wonogiri,Content creator,Universitas Sumatera Utara (USU),Membaca
48839,21,male,Kota Depok,Penerjemah,SMA C,Menyanyi
95758,13,female,Kabupaten Purwakarta,Web developer,Universitas Negeri Surabaya (UNESA),Olahraga
65634,17,male,Kabupaten Magetan,Infuencer,Universitas Sebelas Maret (UNS),Menyanyi
25724,32,male,Kabupaten Kebumen,Ilustrator,PT Bank Central Asia Tbk,Membaca
20094,49,female,Kabupaten Blora,Penerjemah,PT Gudang Garam Tbk,Melukis
26134,78,female,Kabupaten Bogor,Data analyst,PT Garuda Indonesia,Membaca
85759,19,male,Kabupaten Sragen,Web developer,Universitas Andalas (UNAND),Merakit model
1562,54,female,Kabupaten Boyolali,Blogger,Universitas Diponegoro (UNDIP),Bermain game
32209,55,female,Kota Banjar,Mahasiswa,Universitas Indonesia (UI),Bermain musik
34394,21,female,Kota Surabaya,Data analyst,PT Gudang Garam Tbk,Menonton
8424,32,male,Kabupaten Pekalongan,Content creator,PT PLN,Melukis
70313,25,male,Kota Probolinggo,Data analyst,SMA A,Bermain game
86361,39,female,Kabupaten Kendal,Infuencer,Universitas Gadjah Mada (UGM),Kolektor
95022,19,male,Kabupaten Bandung,Blogger,Universitas Andalas (UNAND),Menganyam
18097,18,male,Kabupaten Kebumen,Content creator,Universitas Lampung (UNILA),Menulis
32347,16,male,Kabupaten Indramayu,Desain grafis,PT PLN,Fotografi
49147,55,female,Kabupaten Jombang,Penulis,Universitas Diponegoro (UNDIP),Kolektor
32736,58,male,Kota Cirebon,Content creator,PT Freeport,Menulis
34190,26,male,Kabupaten Klaten,Penerjemah,PT Semen Indonesia,Memasak
53040,65,male,Kota Serang,Desain grafis,Institut Teknologi Bandung (ITB),Bermain musik
74515,19,female,Kabupaten Kebumen,Infuencer,Universitas Indonesia (UI),Berkebun
4522,19,male,Kabupaten Cirebon,Penerjemah,Universitas Dian Nuswantoro,Mendengarkan musik
93615,108,male,Kabupaten Purworejo,App developer,PT Bank Rakyat Indonesia Tbk,Menulis
17824,41,female,Kota Bekasi,Video editor,PT Bank Rakyat Indonesia Tbk,Eksplor alam
67256,17,male,Kabupaten Kendal,Infuencer,Universitas Bina Nusantara (Binus),Menari
40518,27,female,Kabupaten Sukoharjo,App developer,Institut Teknologi Sepuluh Nopember (ITS),Menyanyi
16222,41,male,Kabupaten Kendal,Penerjemah,Universitas Negeri Malang (UM),Kolektor
49304,18,male,Kabupaten Bandung Barat,Web developer,Universitas Bina Nusantara (Binus),Eksplor alam
86810,108,female,Kabupaten Demak,Penulis,Institut Teknologi Sepuluh Nopember (ITS),Menyanyi
10402,42,male,Kota Cilegon,Web developer,Universitas Diponegoro (UNDIP),Mendengarkan musik
44975,38,female,Kota Surabaya,Video editor,Universitas Hasanuddin (UNHAS),Memelihara hewan
57163,15,male,Kota Magelang,Video editor,Institut Teknologi Sepuluh Nopember (ITS),Melukis
96831,20,female,Kabupaten Boyolali,Blogger,Universitas Negeri Malang (UM),Bermain game
29807,49,female,Kabupaten Purwakarta,Infuencer,Universitas Negeri Surabaya (UNESA),Menyanyi
37167,66,female,Kabupaten Klaten,Video editor,Universitas Andalas (UNAND),Menganyam
95984,40,female,Kota Cimahi,Blogger,Universitas Negeri Surabaya (UNESA),Memelihara hewan
27699,15,female,Kabupaten Wonosobo,Content creator,PT Freeport,Makan
78318,15,female,Kabupaten Cilacap,Siswa,Universitas Negeri Yogyakarta (UNY),Menganyam
36292,41,female,Kota Surabaya,App developer,PT Unilever Indonesia,Menari
7159,29,male,Kota Bekasi,Infuencer,Universitas Negeri Surabaya (UNESA),Merakit model
56364,20,male,Kota Cirebon,Penulis,SMA B,Membaca
93823,18,female,Kabupaten Ciamis,Penulis,Universitas Gadjah Mada (UGM),Olahraga
58692,38,male,Kabupaten Serang,Programmer,SMA C,Menyanyi
51000,53,male,Kabupaten Karawang,Siswa,Universitas Telkom,Memasak
1054,32,male,Kabupaten Magetan,Video editor,Universitas Andalas (UNAND),Berkebun
26792,108,male,Kota Depok,Penulis,Universitas Sebelas Maret (UNS),Menonton
67561,23,male,Kabupaten Jombang,Data analyst,PT Pertamina,Berkebun
38553,26,male,Kabupaten Temanggung,Penerjemah,Universitas Telkom,Olahraga
81263,17,female,Kabupaten Sragen,Data analyst,Institut Teknologi Bandung (ITB),Kolektor
83254,24,female,Kabupaten Tegal,Penulis,Universitas Sebelas Maret (UNS),Bermain game
69943,47,female,Kabupaten Jember,Video editor,SMA B,Memelihara hewan
74874,25,male,Kabupaten Jepara,Programmer,PT Semen Indonesia,Programming
16594,46,female,Kabupaten Lumajang,Video editor,Universitas Sumatera Utara (USU),Fotografi
82544,15,female,Kota Semarang,Blogger,PT Bank Mandiri Tbk,Menyanyi
43968,58,female,Kabupaten Pamekasan,Programmer,PT Telkom Indonesia,Menyanyi
52884,56,male,Kabupaten Kediri,Desain grafis,Institut Teknologi Bandung (ITB),Merakit model
13465,100,female,Kabupaten Demak,Programmer,PT Telkom Indonesia,Melukis
87074,31,female,Kabupaten Bantul,Content creator,PT Freeport,Menyanyi
66624,56,female,Kota Madiun,App developer,PT Bank Negara Indonesia Tbk,Berkebun
52582,22,male,Kabupaten Indramayu,Content creator,PT Bank Central Asia Tbk,Olahraga
45688,60,female,Kabupaten Banyumas,Content writer,PT Telkom Indonesia,Makan
60724,23,female,Kota Blitar,Desain grafis,Universitas Padjadjaran (UNPAD),Menari
57239,27,female,Kabupaten Sidoarjo,Video editor,SMA B,Bermain game
11528,17,male,Kabupaten Gunungkidul,Programmer,Universitas Negeri Surabaya (UNESA),Berkebun
41919,20,male,Kota Pasuruan,Siswa,Universitas Telkom,Melukis
1505,52,male,Kota Surabaya,App developer,PT Gudang Garam Tbk,Eksplor alam
40985,59,female,Kabupaten Sidoarjo,Penulis,Universitas Andalas (UNAND),Merakit model
27777,34,male,Kabupaten Ponorogo,Programmer,Institut Teknologi Sepuluh Nopember (ITS),Menulis
56283,18,female,Kabupaten Sragen,Ilustrator,Universitas Dian Nuswantoro,Memelihara hewan
58017,66,female,Kota Bogor,Blogger,Universitas Negeri Surabaya (UNESA),Melukis
25298,28,male,Kabupaten Kudus,Mahasiswa,Universitas Andalas (UNAND),Fotografi
86275,74,male,Kabupaten Kebumen,Blogger,Universitas Indonesia (UI),Bermain musik
95853,17,female,Kota Pekalongan,Content writer,Universitas Sumatera Utara (USU),Eksplor alam
81819,15,male,Kabupaten Sampang,Content creator,Universitas Hasanuddin (UNHAS),Fotografi
13948,22,female,Kabupaten Banyumas,Video editor,PT Bank Central Asia Tbk,Berkebun
58504,30,male,Kota Semarang,Data analyst,PT Unilever Indonesia,Menulis
5973,29,female,Kabupaten Blora,Desain grafis,PT Freeport,Bermain musik
15389,55,female,Kabupaten Pekalongan,Content writer,Institut Teknologi Sepuluh Nopember (ITS),Menari
97088,24,male,Kabupaten Sukabumi,Mahasiswa,SMA C,Melukis
77343,23,male,Kabupaten Pandeglang,Mahasiswa,PT Bank Negara Indonesia Tbk,Bermain game
643,25,male,Kota Tegal,Infuencer,Universitas Sebelas Maret (UNS),Mendengarkan musik
91257,68,female,Kabupaten Lumajang,Video editor,Universitas Indonesia (UI),Programming
49703,48,male,Kota Surabaya,Data analyst,Universitas Sebelas Maret (UNS),Bermain game
60015,51,male,Kabupaten Semarang,Content creator,Universitas Telkom,Menulis
76268,20,male,Kota Malang,Siswa,Universitas Gadjah Mada (UGM),Mendengarkan musik
39731,24,male,Kabupaten Kendal,Siswa,PT Bank Negara Indonesia Tbk,Merakit model
47498,19,male,Kabupaten Banjarnegara,Infuencer,Universitas Sumatera Utara (USU),Programming
38667,26,female,Kota Blitar,Penulis,PT Semen Indonesia,Olahraga
64416,25,male,Kabupaten Sidoarjo,Infuencer,PT Unilever Indonesia,Programming
12152,34,female,Kabupaten Tegal,Desain grafis,Universitas Lampung (UNILA),Merakit model
41285,55,male,Kabupaten Malang,Video editor,PT Pertamina,Melukis
86221,20,male,Kabupaten Blora,Programmer,Universitas Telkom,Menulis
10406,21,female,Kabupaten Rembang,Video editor,Institut Teknologi Bandung (ITB),Eksplor alam
85379,14,female,Kabupaten Serang,Content creator,Institut Teknologi Bandung (ITB),Membaca
44276,21,male,Kota Bandung,Desain grafis,Universitas Negeri Yogyakarta (UNY),Mendengarkan musik
57695,33,male,Kabupaten Bangkalan,Content writer,SMA C,Merakit model
11952,18,female,Kabupaten Purwakarta,Data analyst,SMA B,Berkebun
17573,18,male,Kabupaten Temanggung,Ilustrator,Institut Pertanian Bogor (IPB),Menulis
7517,25,male,Kabupaten Jepara,Ilustrator,Institut Pertanian Bogor (IPB),Berkebun
17217,23,female,Kota Tasikmalaya,Content creator,Universitas Sumatera Utara (USU),Menganyam
68376,33,female,Kabupaten Banjarnegara,Blogger,Universitas Airlangga (UNAIR),Menganyam
83025,17,female,Kabupaten Gresik,Data analyst,Universitas Negeri Malang (UM),Membaca
61361,28,male,Kabupaten Trenggalek,Mahasiswa,PT PLN,Menganyam
12465,33,male,Kota Probolinggo,Programmer,Universitas Negeri Semarang (UNNES),Berkebun
66036,54,female,Kabupaten Blora,Ilustrator,Universitas Indonesia (UI),Merakit model
68263,24,male,Kabupaten Nganjuk,Content writer,Universitas Gunadarma,Bermain game
29259,108,male,Kota Salatiga,Content creator,Universitas Brawijaya (UB),Menyanyi
4269,40,male,Kabupaten Kendal,Web developer,PT Pertamina,Makan
76352,20,male,Kota Banjar,Blogger,PT Freeport,Mendengarkan musik
64917,24,male,Kota Bandung,Blogger,PT Astra International,Programming
5740,50,female,Kabupaten Brebes,Content creator,Universitas Brawijaya (UB),Eksplor alam
33345,36,male,Kabupaten Wonogiri,Mahasiswa,Universitas Udayana (UNUD),Menonton
18948,66,female,Kota Tasikmalaya,Video editor,PT Unilever Indonesia,Menulis
81477,108,male,Kabupaten Lumajang,Blogger,Universitas Sebelas Maret (UNS),Berkebun
45730,16,female,Kota Tasikmalaya,Video editor,Universitas Sebelas Maret (UNS),Bermain game
74813,22,male,Kabupaten Tegal,Penerjemah,SMA B,Memasak
41064,17,male,Kabupaten Banyumas,Penerjemah,Universitas Gadjah Mada (UGM),Memelihara hewan
55683,29,male,Kabupaten Pandeglang,Content writer,Universitas Negeri Surabaya (UNESA),Bermain game
70219,23,male,Kabupaten Pekalongan,Ilustrator,PT Bank Negara Indonesia Tbk,Bermain musik
67719,17,female,Kota Salatiga,Content writer,Universitas Negeri Surabaya (UNESA),Eksplor alam
97491,24,female,Kota Semarang,Content creator,Universitas Brawijaya (UB),Melukis
52273,19,female,Kabupaten Rembang,Desain grafis,Universitas Negeri Jakarta (UNJ),Fotografi
80165,24,male,Kabupaten Bantul,Mahasiswa,PT Bank Central Asia Tbk,Menyanyi
55220,71,male,Kabupaten Bangkalan,App developer,PT Bank Mandiri Tbk,Makan
71876,25,male,Kota Blitar,Programmer,Universitas Brawijaya (UB),Mendengarkan musik
98854,19,male,Kabupaten Brebes,Programmer,Universitas Gunadarma,Kolektor
25449,65,male,Kota Cirebon,Desain grafis,Institut Teknologi Bandung (ITB),Kolektor
36357,41,female,Kabupaten Brebes,Penerjemah,Universitas Gadjah Mada (UGM),Memasak
33905,14,male,Kabupaten Brebes,Content creator,Universitas Andalas (UNAND),Bermain musik
85416,32,male,Kota Blitar,Content writer,Universitas Bina Nusantara (Binus),Menulis
27874,22,female,Kabupaten Magelang,Blogger,Universitas Negeri Yogyakarta (UNY),Menulis
7072,25,male,Kabupaten Gunungkidul,Siswa,Universitas Hasanuddin (UNHAS),Berkebun
65837,108,male,Kabupaten Wonosobo,Data analyst,PT Bank Negara Indonesia Tbk,Eksplor alam
15316,40,male,Kabupaten Banyuwangi,Ilustrator,Universitas Bina Nusantara (Binus),Programming
11790,32,male,Kabupaten Subang,Data analyst,Universitas Andalas (UNAND),Eksplor alam
51204,53,female,Kabupaten Kendal,Penerjemah,Institut Teknologi Bandung (ITB),Menganyam
32933,16,male,Kota Kediri,Content creator,Universitas Gunadarma,Bermain musik
47155,53,female,Kota Blitar,Infuencer,Universitas Hasanuddin (UNHAS),Menganyam
69201,89,female,Kabupaten Brebes,Content creator,Institut Teknologi Sepuluh Nopember (ITS),Bermain musik
89491,17,male,Kabupaten Banyumas,Infuencer,PT Freeport,Menari
7017,21,male,Kabupaten Sumedang,Mahasiswa,PT Bank Negara Indonesia Tbk,Berkebun
32299,53,female,Kabupaten Semarang,Web developer,Universitas Padjadjaran (UNPAD),Kolektor
43634,27,female,Kabupaten Magelang,Infuencer,Universitas Telkom,Menyanyi
73646,36,male,Kabupaten Cirebon,App developer,SMA C,Berkebun
89494,18,male,Kabupaten Pasuruan,Video editor,Universitas Diponegoro (UNDIP),Bermain game
58651,24,female,Kabupaten Subang,Content writer,PT Bank Rakyat Indonesia Tbk,Merakit model
21679,25,female,Kabupaten Purwakarta,Penulis,Universitas Negeri Yogyakarta (UNY),Melukis
60259,34,female,Kabupaten Purwakarta,Siswa,Universitas Brawijaya (UB),Olahraga
61644,56,male,Kabupaten Gunungkidul,Desain grafis,PT Semen Indonesia,Membaca
31646,27,female,Kabupaten Sumenep,Programmer,Universitas Udayana (UNUD),Fotografi
18528,26,male,Kabupaten Cilacap,Penerjemah,PT Semen Indonesia,Membaca
352,21,female,Kabupaten Pacitan,App developer,Universitas Brawijaya (UB),Memelihara hewan
44551,22,female,Kabupaten Cirebon,Penulis,Universitas Udayana (UNUD),Menyanyi
41149,23,male,Kabupaten Sragen,Web developer,Universitas Bina Nusantara (Binus),Bermain musik
114,17,female,Kabupaten Purbalingga,Content writer,Universitas Padjadjaran (UNPAD),Memasak
63064,40,female,Kabupaten Karanganyar,Web developer,PT Bank Rakyat Indonesia Tbk,Menulis
72794,28,female,Kabupaten Tangerang,Web developer,Universitas Negeri Jakarta (UNJ),Kolektor
67137,52,female,Kabupaten Pekalongan,Blogger,Institut Pertanian Bogor (IPB),Bermain musik
10632,23,female,Kota Blitar,Web developer,Universitas Sebelas Maret (UNS),Berkebun
76625,25,female,Kota Kediri,Web developer,SMA A,Menari
14156,35,male,Kota Tasikmalaya,Content writer,Universitas Negeri Surabaya (UNESA),Bermain musik
3933,24,female,Kabupaten Tuban,Ilustrator,PT Bank Rakyat Indonesia Tbk,Mendengarkan musik
91340,18,female,Kota Surabaya,Siswa,Universitas Sebelas Maret (UNS),Programming
16077,50,male,Kabupaten Banjarnegara,Penerjemah,PT Garuda Indonesia,Eksplor alam
86926,17,male,Kabupaten Banjarnegara,Programmer,Universitas Negeri Jakarta (UNJ),Menganyam
8714,17,male,Kabupaten Sumedang,Desain grafis,Universitas Gadjah Mada (UGM),Menganyam
12625,62,female,Kabupaten Banjarnegara,Blogger,Universitas Sumatera Utara (USU),Merakit model
66722,18,male,Kabupaten Bandung Barat,Blogger,Universitas Telkom,Menonton
69792,18,female,Kota Surakarta,Infuencer,Universitas Negeri Yogyakarta (UNY),Memelihara hewan
6758,39,female,Kabupaten Cirebon,Siswa,PT Bank Central Asia Tbk,Programming
44718,36,female,Kabupaten Gunungkidul,App developer,PT Gudang Garam Tbk,Programming
78925,17,male,Kabupaten Jepara,Content creator,PT Garuda Indonesia,Olahraga
35747,44,male,Kabupaten Purbalingga,Data analyst,SMA C,Mendengarkan musik
93143,103,male,Kabupaten Bandung Barat,Siswa,PT Bank Rakyat Indonesia Tbk,Programming
88273,25,male,Kota Surabaya,Penerjemah,Universitas Sebelas Maret (UNS),Menyanyi
26635,33,male,Kabupaten Sumedang,Data analyst,PT Gudang Garam Tbk,Makan
60498,21,male,Kabupaten Banyuwangi,Video editor,Universitas Negeri Malang (UM),Fotografi
68054,54,female,Kabupaten Sidoarjo,Programmer,Universitas Brawijaya (UB),Membaca
20466,24,male,Kabupaten Pangandaran,Web developer,SMA C,Bermain game
40625,13,male,Kota Banjar,Mahasiswa,PT Unilever Indonesia,Olahraga
27760,28,male,Kabupaten Purwakarta,Web developer,Universitas Hasanuddin (UNHAS),Makan
23543,15,male,Kabupaten Trenggalek,Mahasiswa,PT PLN,Olahraga
23226,25,male,Kota Cirebon,Ilustrator,Universitas Udayana (UNUD),Programming
3381,22,male,Kabupaten Cilacap,Penulis,Universitas Negeri Semarang (UNNES),Menyanyi
97861,19,male,Kabupaten Jombang,Infuencer,PT Freeport,Kolektor
93042,19,female,Kota Bekasi,Web developer,PT Garuda Indonesia,Membaca
90882,20,female,Kabupaten Blora,Content writer,Universitas Udayana (UNUD),Makan
75621,18,female,Kabupaten Batang,Video editor,PT Gudang Garam Tbk,Kolektor
61727,17,male,Kota Depok,App developer,Institut Teknologi Bandung (ITB),Memasak
68118,13,male,Kabupaten Wonosobo,Web developer,Institut Teknologi Bandung (ITB),Mendengarkan musik
66304,23,male,Kabupaten Pasuruan,Infuencer,Universitas Dian Nuswantoro,Programming
1824,23,female,Kabupaten Wonogiri,Web developer,Universitas Sebelas Maret (UNS),Memelihara hewan
83278,17,male,Kabupaten Nganjuk,Penerjemah,Universitas Brawijaya (UB),Membaca
37977,69,female,Kabupaten Pandeglang,Siswa,PT Bank Rakyat Indonesia Tbk,Menulis
8860,30,male,Kota Banjar,Web developer,PT Unilever Indonesia,Melukis
39579,21,male,Kabupaten Gresik,Mahasiswa,PT Pertamina,Menyanyi
93559,23,male,Kabupaten Indramayu,Blogger,Institut Teknologi Sepuluh Nopember (ITS),Menonton
4562,43,female,Kota Yogyakarta,Content writer,Institut Teknologi Sepuluh Nopember (ITS),Melukis
4191,34,male,Kabupaten Batang,Siswa,Universitas Negeri Semarang (UNNES),Makan
7171,33,male,Kabupaten Ponorogo,Data analyst,PT Garuda Indonesia,Bermain musik
88784,14,male,Kabupaten Karawang,App developer,Universitas Bina Nusantara (Binus),Bermain game
15110,32,female,Kabupaten Nganjuk,Penulis,Universitas Indonesia (UI),Menonton
33595,34,female,Kota Kediri,Content writer,Universitas Sebelas Maret (UNS),Olahraga
90668,82,male,Kabupaten Situbondo,Mahasiswa,SMA C,Olahraga
63084,25,female,Kabupaten Kulonprogo,Ilustrator,PT PLN,Menari
43739,53,male,Kota Batu,Blogger,Universitas Diponegoro (UNDIP),Bermain musik
79777,18,female,Kabupaten Lebak,Penulis,Universitas Andalas (UNAND),Mendengarkan musik
85456,23,female,Kabupaten Blora,Penulis,Universitas Gunadarma,Menonton
64066,19,male,Kota Sukabumi,Desain grafis,Universitas Gadjah Mada (UGM),Membaca
4412,56,male,Kabupaten Brebes,Ilustrator,PT Semen Indonesia,Kolektor
84508,23,male,Kabupaten Magetan,Desain grafis,Universitas Lampung (UNILA),Menari
59882,81,female,Kota Pekalongan,Video editor,Universitas Indonesia (UI),Menganyam
75534,35,female,Kabupaten Sukabumi,Siswa,Universitas Negeri Surabaya (UNESA),Olahraga
93924,20,female,Kabupaten Gunungkidul,Desain grafis,SMA B,Programming
34132,51,male,Kabupaten Kudus,Content writer,Universitas Airlangga (UNAIR),Mendengarkan musik
51003,35,female,Kota Salatiga,Data analyst,Universitas Dian Nuswantoro,Membaca
79698,48,female,Kabupaten Brebes,Blogger,Universitas Negeri Yogyakarta (UNY),Memasak
60439,26,male,Kabupaten Magetan,Penulis,Universitas Sebelas Maret (UNS),Mendengarkan musik
20506,18,male,Kabupaten Sleman,App developer,Universitas Bina Nusantara (Binus),Berkebun
6596,22,male,Kabupaten Semarang,Data analyst,Institut Pertanian Bogor (IPB),Bermain game
51056,103,male,Kabupaten Rembang,Mahasiswa,PT Bank Rakyat Indonesia Tbk,Merakit model
79564,19,male,Kabupaten Pasuruan,Ilustrator,Universitas Sebelas Maret (UNS),Memasak
89744,31,male,Kota Pekalongan,Blogger,PT Garuda Indonesia,Menganyam
67954,51,female,Kabupaten Pekalongan,Mahasiswa,SMA C,Menari
21002,28,female,Kabupaten Temanggung,Web developer,Institut Teknologi Sepuluh Nopember (ITS),Programming
52179,48,female,Kabupaten Sumenep,Siswa,Institut Teknologi Bandung (ITB),Menulis
54695,16,male,Kabupaten Sumenep,Ilustrator,Universitas Negeri Malang (UM),Menganyam
56340,16,male,Kabupaten Indramayu,Penerjemah,Universitas Airlangga (UNAIR),Menulis
29337,56,female,Kabupaten Lebak,Web developer,Institut Pertanian Bogor (IPB),Memelihara hewan
64270,21,female,Kabupaten Brebes,Desain grafis,Institut Pertanian Bogor (IPB),Membaca
93699,15,male,Kabupaten Sumedang,Web developer,Universitas Hasanuddin (UNHAS),Programming
18119,18,male,Kabupaten Banyumas,Desain grafis,Universitas Negeri Semarang (UNNES),Menyanyi
89346,47,female,Kabupaten Kendal,Video editor,Universitas Bina Nusantara (Binus),Memelihara hewan
33210,22,female,Kabupaten Trenggalek,Penerjemah,Universitas Dian Nuswantoro,Mendengarkan musik
14631,56,female,Kota Magelang,App developer,Universitas Sumatera Utara (USU),Fotografi
65090,36,female,Kota Batu,Blogger,Universitas Negeri Malang (UM),Menari
12672,18,male,Kabupaten Karawang,Penulis,SMA C,Memelihara hewan
3686,23,male,Kabupaten Jember,Programmer,Universitas Padjadjaran (UNPAD),Bermain game
28171,20,male,Kabupaten Sumenep,Data analyst,Universitas Negeri Yogyakarta (UNY),Memasak
9026,13,male,Kabupaten Serang,Programmer,PT Bank Rakyat Indonesia Tbk,Berkebun
61185,19,male,Kabupaten Sragen,Mahasiswa,Institut Teknologi Bandung (ITB),Bermain game
29618,58,male,Kabupaten Lamongan,Mahasiswa,Institut Pertanian Bogor (IPB),Memelihara hewan
53884,41,female,Kabupaten Sampang,Penerjemah,Universitas Negeri Malang (UM),Makan
79144,19,male,Kabupaten Purbalingga,Video editor,Universitas Andalas (UNAND),Melukis
70433,24,female,Kabupaten Pamekasan,Data analyst,Universitas Gunadarma,Memelihara hewan
39253,20,male,Kabupaten Majalengka,Blogger,Institut Teknologi Sepuluh Nopember (ITS),Melukis
30456,73,female,Kabupaten Lumajang,Siswa,PT Pertamina,Menari
60546,28,male,Kota Bandung,Data analyst,PT Pertamina,Kolektor
86347,23,male,Kabupaten Magelang,Penulis,SMA C,Bermain musik
40652,24,male,Kabupaten Kediri,Content creator,Institut Teknologi Sepuluh Nopember (ITS),Berkebun
62627,17,female,Kabupaten Sukabumi,Video editor,Universitas Negeri Yogyakarta (UNY),Merakit model
34405,22,female,Kabupaten Trenggalek,Content writer,Universitas Gunadarma,Bermain musik
92019,22,male,Kabupaten Sidoarjo,Content writer,Universitas Sumatera Utara (USU),Menari
61745,37,female,Kota Salatiga,Video editor,Universitas Sumatera Utara (USU),Programming
31570,21,male,Kota Batu,Desain grafis,PT Semen Indonesia,Olahraga
20851,19,male,Kabupaten Pangandaran,Ilustrator,Universitas Hasanuddin (UNHAS),Berkebun
98978,17,female,Kabupaten Blitar,Penerjemah,PT Bank Rakyat Indonesia Tbk,Membaca
71656,56,male,Kabupaten Wonogiri,Content creator,Institut Teknologi Sepuluh Nopember (ITS),Membaca
31161,69,female,Kabupaten Sukabumi,Programmer,Universitas Hasanuddin (UNHAS),Bermain musik
55489,48,female,Kota Semarang,Programmer,Universitas Udayana (UNUD),Eksplor alam
98366,19,female,Kabupaten Temanggung,Infuencer,SMA B,Memelihara hewan
78116,68,female,Kabupaten Gunungkidul,Mahasiswa,Universitas Udayana (UNUD),Menyanyi
48248,16,male,Kabupaten Magelang,Desain grafis,Institut Teknologi Sepuluh Nopember (ITS),Menganyam
76611,30,male,Kabupaten Karawang,Programmer,PT Garuda Indonesia,Bermain game
66822,21,female,Kabupaten Kediri,App developer,Universitas Andalas (UNAND),Makan
23672,35,male,Kabupaten Karawang,Ilustrator,Universitas Padjadjaran (UNPAD),Menyanyi
54516,29,male,Kota Madiun,App developer,PT Unilever Indonesia,Merakit model
46286,36,female,Kota Malang,Web developer,PT Astra International,Membaca
51378,28,male,Kabupaten Bogor,Content writer,Universitas Sumatera Utara (USU),Merakit model
28653,27,male,Kabupaten Bangkalan,Ilustrator,PT Semen Indonesia,Eksplor alam
57,14,male,Kabupaten Tegal,Desain grafis,PT Bank Mandiri Tbk,Makan
1710,29,female,Kabupaten Lumajang,Content creator,PT Telkom Indonesia,Membaca
9822,38,female,Kabupaten Sleman,Ilustrator,Universitas Telkom,Menonton
29487,18,male,Kabupaten Cianjur,Desain grafis,Universitas Negeri Surabaya (UNESA),Menulis
55028,38,female,Kabupaten Sampang,Penulis,PT Bank Rakyat Indonesia Tbk,Berkebun
57878,69,male,Kabupaten Batang,Penulis,Universitas Diponegoro (UNDIP),Merakit model
62458,52,female,Kabupaten Batang,Ilustrator,SMA C,Berkebun
76963,29,female,Kota Yogyakarta,Data analyst,PT Astra International,Olahraga
80417,98,female,Kota Probolinggo,Blogger,Universitas Sumatera Utara (USU),Makan
21764,32,female,Kabupaten Bondowoso,Siswa,Universitas Negeri Malang (UM),Melukis
95175,16,female,Kota Magelang,Infuencer,Universitas Negeri Yogyakarta (UNY),Menganyam
74868,34,male,Kabupaten Kudus,Mahasiswa,Universitas Negeri Jakarta (UNJ),Bermain musik
69458,23,male,Kota Semarang,Video editor,SMA B,Melukis
38998,49,female,Kabupaten Ponorogo,Data analyst,Universitas Dian Nuswantoro,Melukis
67233,26,female,Kabupaten Semarang,Web developer,Institut Teknologi Bandung (ITB),Memasak
8643,72,female,Kabupaten Kuningan,Infuencer,PT Telkom Indonesia,Olahraga
16769,59,male,Kabupaten Bojonegoro,Penulis,Universitas Indonesia (UI),Merakit model
39634,46,male,Kabupaten Banyumas,Programmer,Universitas Negeri Jakarta (UNJ),Kolektor
73865,23,female,Kabupaten Pacitan,Penulis,Universitas Lampung (UNILA),Olahraga
69712,14,female,Kabupaten Pamekasan,Content writer,Universitas Gunadarma,Makan
19790,21,female,Kabupaten Lamongan,Data analyst,SMA B,Melukis
79579,21,male,Kabupaten Purworejo,Penerjemah,PT Bank Rakyat Indonesia Tbk,Eksplor alam
67987,32,male,Kota Bekasi,App developer,Institut Pertanian Bogor (IPB),Menyanyi
48709,26,female,Kota Pekalongan,Web developer,Universitas Gunadarma,Memasak
73870,23,male,Kota Surabaya,Blogger,Universitas Negeri Surabaya (UNESA),Menganyam
44374,58,female,Kabupaten Subang,Video editor,PT Bank Negara Indonesia Tbk,Menari
25386,44,female,Kabupaten Madiun,Penerjemah,Universitas Hasanuddin (UNHAS),Memasak
41142,22,female,Kota Pasuruan,Mahasiswa,Universitas Brawijaya (UB),Bermain game
8446,27,female,Kota Tasikmalaya,Penulis,Universitas Negeri Yogyakarta (UNY),Merakit model
89363,101,male,Kabupaten Boyolali,Content writer,Universitas Indonesia (UI),Merakit model
52732,31,male,Kabupaten Banyumas,Siswa,PT Freeport,Bermain game
6836,52,female,Kabupaten Karanganyar,Programmer,SMA C,Memasak
20374,18,male,Kabupaten Demak,Web developer,PT Bank Rakyat Indonesia Tbk,Menganyam
6160,65,female,Kota Madiun,Web developer,Universitas Brawijaya (UB),Mendengarkan musik
12416,29,male,Kabupaten Purbalingga,Video editor,Universitas Andalas (UNAND),Melukis
66738,30,male,Kabupaten Kediri,Video editor,Universitas Telkom,Kolektor
80000,14,female,Kabupaten Ponorogo,Penulis,Universitas Dian Nuswantoro,Melukis
12027,55,male,Kabupaten Brebes,Web developer,Universitas Negeri Yogyakarta (UNY),Melukis
90178,18,male,Kabupaten Sumenep,Siswa,SMA C,Memelihara hewan
63762,63,female,Kabupaten Bandung,Content writer,Universitas Telkom,Melukis
11119,42,male,Kabupaten Kudus,Mahasiswa,Universitas Sumatera Utara (USU),Bermain game
78670,68,male,Kota Serang,Web developer,Universitas Gunadarma,Fotografi
71771,17,female,Kabupaten Tulungagung,Penerjemah,Institut Teknologi Bandung (ITB),Menyanyi
55088,23,female,Kabupaten Tangerang,Siswa,Universitas Bina Nusantara (Binus),Bermain game
47364,20,female,Kabupaten Kediri,Data analyst,Universitas Andalas (UNAND),Olahraga
71084,33,female,Kabupaten Ngawi,Blogger,PT Bank Central Asia Tbk,Melukis
5370,66,female,Kabupaten Lebak,Infuencer,Universitas Negeri Surabaya (UNESA),Memasak
61567,37,male,Kabupaten Tangerang,Blogger,PT Bank Rakyat Indonesia Tbk,Programming
41835,32,male,Kota Blitar,Siswa,Universitas Bina Nusantara (Binus),Melukis
74307,28,male,Kota Probolinggo,Video editor,Universitas Indonesia (UI),Menonton
6640,26,male,Kota Salatiga,Penerjemah,PT Gudang Garam Tbk,Bermain game
76323,60,male,Kabupaten Kebumen,Data analyst,PT Pertamina,Programming
10516,39,male,Kabupaten Rembang,Web developer,Universitas Negeri Surabaya (UNESA),Makan
7699,35,female,Kabupaten Demak,Mahasiswa,PT Semen Indonesia,Mendengarkan musik
33955,49,male,Kota Depok,Web developer,Universitas Brawijaya (UB),Membaca
17328,22,female,Kabupaten Pandeglang,Content creator,SMA C,Memasak
83527,29,female,Kabupaten Bangkalan,App developer,PT Unilever Indonesia,Bermain musik
67491,34,male,Kabupaten Banjarnegara,Content creator,Universitas Sebelas Maret (UNS),Eksplor alam
92622,19,female,Kabupaten Bojonegoro,Web developer,PT Bank Central Asia Tbk,Olahraga
63337,32,male,Kabupaten Situbondo,App developer,Universitas Lampung (UNILA),Menganyam
39892,18,male,Kota Pasuruan,Penulis,Universitas Andalas (UNAND),Menonton
19937,59,male,Kabupaten Sragen,Content writer,Universitas Lampung (UNILA),Menulis
19758,15,female,Kabupaten Karawang,Siswa,Universitas Brawijaya (UB),Olahraga
47259,25,female,Kabupaten Bandung Barat,Infuencer,PT Astra International,Bermain musik
44728,20,female,Kabupaten Sukabumi,Ilustrator,Universitas Negeri Surabaya (UNESA),Memasak
46879,108,male,Kabupaten Kulonprogo,Content creator,PT Pertamina,Berkebun
75163,20,male,Kabupaten Sidoarjo,Content writer,PT Telkom Indonesia,Olahraga
34001,15,male,Kabupaten Trenggalek,Penulis,PT Telkom Indonesia,Menonton
92400,23,male,Kabupaten Kebumen,Data analyst,Universitas Gadjah Mada (UGM),Menari
57704,52,female,Kabupaten Bandung,Blogger,Universitas Negeri Yogyakarta (UNY),Eksplor alam
50434,41,female,Kabupaten Rembang,Penerjemah,Universitas Negeri Malang (UM),Menganyam
88364,20,male,Kabupaten Banyuwangi,Blogger,Universitas Hasanuddin (UNHAS),Programming
70927,46,male,Kabupaten Grobogan,Content writer,PT PLN,Menari
82471,18,male,Kabupaten Subang,App developer,PT Semen Indonesia,Eksplor alam
45195,26,female,Kabupaten Madiun,Ilustrator,Universitas Dian Nuswantoro,Mendengarkan musik
3884,20,female,Kabupaten Sukoharjo,Ilustrator,PT Garuda Indonesia,Eksplor alam
81454,21,male,Kabupaten Kendal,Penulis,Universitas Negeri Semarang (UNNES),Menulis
79029,18,male,Kabupaten Bandung,Data analyst,PT Pertamina,Memasak
77298,20,female,Kabupaten Magetan,Video editor,Universitas Gadjah Mada (UGM),Bermain game
70803,22,male,Kabupaten Lumajang,Penerjemah,PT Freeport,Menulis
91589,33,male,Kabupaten Lumajang,Siswa,Universitas Negeri Malang (UM),Fotografi
42555,27,male,Kabupaten Wonogiri,Mahasiswa,Universitas Gadjah Mada (UGM),Membaca
35467,15,male,Kabupaten Sampang,Ilustrator,Institut Teknologi Bandung (ITB),Membaca
80044,18,female,Kabupaten Madiun,Blogger,SMA C,Bermain game
1502,50,male,Kabupaten Jember,Content creator,SMA B,Olahraga
2432,25,male,Kabupaten Jombang,Blogger,PT Bank Central Asia Tbk,Memasak
19316,20,male,Kabupaten Pamekasan,Siswa,SMA C,Memelihara hewan
54492,103,female,Kota Tegal,Mahasiswa,Universitas Negeri Semarang (UNNES),Menganyam
77842,15,female,Kabupaten Sidoarjo,Penerjemah,Universitas Bina Nusantara (Binus),Makan
75447,13,female,Kabupaten Wonosobo,Web developer,Institut Teknologi Sepuluh Nopember (ITS),Kolektor
53660,25,male,Kabupaten Serang,Blogger,PT Unilever Indonesia,Makan
47848,68,female,Kabupaten Pamekasan,Content creator,Universitas Indonesia (UI),Menari
21036,65,female,Kabupaten Kuningan,Siswa,PT Bank Mandiri Tbk,Membaca
93498,108,male,Kabupaten Pamekasan,Blogger,Institut Teknologi Sepuluh Nopember (ITS),Membaca
45373,15,female,Kota Cilegon,Infuencer,PT Gudang Garam Tbk,Memelihara hewan
95427,21,male,Kota Banjar,Mahasiswa,SMA B,Merakit model
90730,50,female,Kota Bandung,Siswa,PT Pertamina,Menonton
66496,25,male,Kabupaten Lebak,Ilustrator,PT Gudang Garam Tbk,Menyanyi
71898,17,male,Kabupaten Bondowoso,Video editor,PT Garuda Indonesia,Olahraga
50308,17,male,Kota Batu,Web developer,Universitas Negeri Surabaya (UNESA),Merakit model
17772,27,male,Kabupaten Nganjuk,Data analyst,PT Bank Negara Indonesia Tbk,Menyanyi
59720,36,male,Kabupaten Sumenep,Data analyst,PT Freeport,Menulis
16543,38,male,Kabupaten Jepara,Programmer,Universitas Airlangga (UNAIR),Merakit model
21852,31,male,Kabupaten Semarang,Desain grafis,Universitas Sumatera Utara (USU),Melukis
96551,23,male,Kabupaten Banjarnegara,Mahasiswa,Universitas Negeri Surabaya (UNESA),Membaca
38844,70,male,Kabupaten Malang,Blogger,PT Garuda Indonesia,Membaca
24288,18,male,Kota Kediri,Ilustrator,Universitas Negeri Yogyakarta (UNY),Menyanyi
87619,25,female,Kota Bandung,Ilustrator,Universitas Hasanuddin (UNHAS),Menonton
44479,34,male,Kabupaten Tasikmalaya,Ilustrator,PT Unilever Indonesia,Menulis
71781,108,male,Kabupaten Sukoharjo,Programmer,Universitas Lampung (UNILA),Eksplor alam
85228,46,male,Kabupaten Tegal,Video editor,Universitas Negeri Semarang (UNNES),Merakit model
27539,75,female,Kota Kediri,Data analyst,PT PLN,Bermain game
5183,33,male,Kabupaten Tangerang,Data analyst,PT Freeport,Menulis
42023,27,female,Kabupaten Gunungkidul,Content writer,Universitas Indonesia (UI),Makan
57707,55,female,Kabupaten Tangerang,Programmer,PT Semen Indonesia,Bermain game
43361,15,female,Kota Cimahi,Video editor,PT Unilever Indonesia,Programming
92700,16,male,Kabupaten Wonosobo,Infuencer,PT Telkom Indonesia,Menonton
44499,55,female,Kota Tegal,Web developer,PT Gudang Garam Tbk,Berkebun
95878,16,female,Kota Cirebon,App developer,Institut Pertanian Bogor (IPB),Menyanyi
35434,56,female,Kabupaten Boyolali,App developer,Institut Pertanian Bogor (IPB),Menonton
49220,16,male,Kabupaten Boyolali,Data analyst,PT Bank Central Asia Tbk,Eksplor alam
33740,69,male,Kota Salatiga,Programmer,Institut Teknologi Sepuluh Nopember (ITS),Eksplor alam
76085,18,female,Kota Banjar,Desain grafis,PT Gudang Garam Tbk,Menulis
4136,31,male,Kabupaten Jombang,Blogger,PT Bank Negara Indonesia Tbk,Olahraga
68597,16,male,Kota Batu,Video editor,Universitas Dian Nuswantoro,Melukis
55184,26,female,Kabupaten Bogor,Video editor,PT Semen Indonesia,Makan
54446,28,male,Kabupaten Tegal,Web developer,Universitas Padjadjaran (UNPAD),Menonton
38742,34,male,Kota Tasikmalaya,Web developer,Universitas Lampung (UNILA),Bermain game
79322,25,male,Kabupaten Pemalang,Data analyst,Universitas Lampung (UNILA),Membaca
61667,54,female,Kabupaten Kendal,Programmer,PT Freeport,Berkebun
80611,19,female,Kabupaten Pekalongan,Desain grafis,Universitas Sebelas Maret (UNS),Kolektor
73958,35,female,Kota Probolinggo,Infuencer,PT Garuda Indonesia,Kolektor
61831,40,female,Kabupaten Bandung,Infuencer,Institut Teknologi Sepuluh Nopember (ITS),Makan
83367,21,female,Kabupaten Banyumas,Data analyst,PT Garuda Indonesia,Bermain game
47576,34,male,Kabupaten Malang,Mahasiswa,Universitas Gunadarma,Menonton
89127,17,male,Kabupaten Subang,Desain grafis,Universitas Negeri Surabaya (UNESA),Programming
40389,69,male,Kota Pasuruan,Data analyst,Institut Pertanian Bogor (IPB),Mendengarkan musik
3266,44,male,Kabupaten Bekasi,Programmer,Universitas Negeri Semarang (UNNES),Makan
22241,25,female,Kabupaten Ngawi,Ilustrator,Universitas Brawijaya (UB),Mendengarkan musik
38110,25,male,Kabupaten Bogor,Content writer,Universitas Telkom,Merakit model
42715,64,male,Kabupaten Klaten,App developer,PT Bank Mandiri Tbk,Kolektor
67679,57,female,Kabupaten Kediri,Infuencer,Universitas Bina Nusantara (Binus),Melukis
95121,108,female,Kabupaten Lumajang,Data analyst,SMA B,Menganyam
78648,17,male,Kabupaten Pandeglang,Penerjemah,PT Gudang Garam Tbk,Bermain musik
43408,19,male,Kabupaten Boyolali,Mahasiswa,Universitas Lampung (UNILA),Menari
85158,42,male,Kota Sukabumi,Blogger,Institut Teknologi Bandung (ITB),Menonton
52535,33,male,Kabupaten Sumedang,Web developer,Universitas Diponegoro (UNDIP),Fotografi
98773,36,female,Kota Kediri,Siswa,PT Freeport,Programming
79967,15,female,Kabupaten Tasikmalaya,Mahasiswa,Universitas Diponegoro (UNDIP),Menari
67307,22,female,Kota Tasikmalaya,Video editor,Universitas Brawijaya (UB),Membaca
82271,18,female,Kabupaten Tuban,Blogger,Universitas Lampung (UNILA),Eksplor alam
12189,15,male,Kabupaten Lebak,Web developer,PT PLN,Bermain game
87581,15,female,Kabupaten Klaten,Content creator,PT Garuda Indonesia,Berkebun
6688,31,male,Kota Bandung,Content writer,PT Semen Indonesia,Memelihara hewan
71583,18,male,Kabupaten Wonogiri,Mahasiswa,PT Pertamina,Olahraga
59102,35,female,Kota Mojokerto,Blogger,Institut Teknologi Bandung (ITB),Berkebun
46982,56,male,Kabupaten Gunungkidul,Programmer,PT Semen Indonesia,Kolektor
28928,47,female,Kabupaten Pati,App developer,PT Pertamina,Berkebun
11811,62,female,Kabupaten Kuningan,Ilustrator,Universitas Hasanuddin (UNHAS),Membaca
28955,19,male,Kota Blitar,Content writer,Universitas Negeri Semarang (UNNES),Mendengarkan musik
79019,27,male,Kabupaten Tuban,Blogger,Universitas Negeri Surabaya (UNESA),Menonton
56868,52,male,Kota Batu,Siswa,Universitas Dian Nuswantoro,Melukis
59674,22,male,Kabupaten Klaten,Blogger,Universitas Negeri Yogyakarta (UNY),Bermain musik
47165,58,male,Kabupaten Sragen,Programmer,Universitas Hasanuddin (UNHAS),Fotografi
66433,17,male,Kota Bekasi,Data analyst,Universitas Indonesia (UI),Melukis
15264,53,female,Kota Probolinggo,Mahasiswa,Universitas Gunadarma,Membaca
32282,29,female,Kota Cilegon,Content creator,SMA A,Programming
31627,24,male,Kabupaten Cilacap,Desain grafis,Universitas Sumatera Utara (USU),Fotografi
90612,17,female,Kabupaten Magetan,Programmer,Universitas Negeri Semarang (UNNES),Membaca
29665,36,male,Kabupaten Sumedang,Web developer,PT Astra International,Eksplor alam
83879,21,male,Kota Banjar,Desain grafis,Universitas Negeri Surabaya (UNESA),Membaca
67903,72,female,Kabupaten Lumajang,App developer,PT Semen Indonesia,Bermain game
72507,19,male,Kota Semarang,Programmer,Universitas Gunadarma,Olahraga
54726,37,female,Kota Madiun,Programmer,Universitas Telkom,Memelihara hewan
83633,17,female,Kota Bekasi,Ilustrator,PT Unilever Indonesia,Merakit model
17350,28,female,Kabupaten Bekasi,Programmer,Universitas Gunadarma,Menganyam
64279,22,female,Kabupaten Purwakarta,App developer,PT PLN,Memasak
84422,15,female,Kabupaten Bekasi,Web developer,Universitas Negeri Jakarta (UNJ),Kolektor
57033,55,female,Kabupaten Bojonegoro,Penulis,PT Gudang Garam Tbk,Menyanyi
92005,57,female,Kabupaten Kebumen,Penerjemah,PT Bank Central Asia Tbk,Menonton
83480,17,male,Kota Tegal,Content creator,PT Freeport,Menyanyi
8894,35,female,Kabupaten Trenggalek,Web developer,Universitas Bina Nusantara (Binus),Bermain musik
204,19,male,Kabupaten Kendal,Blogger,PT Bank Mandiri Tbk,Menari
26319,52,female,Kabupaten Bangkalan,Siswa,SMA A,Mendengarkan musik
56547,18,female,Kabupaten Semarang,Programmer,PT Unilever Indonesia,Olahraga
94293,102,male,Kabupaten Banyuwangi,Penulis,PT Bank Rakyat Indonesia Tbk,Memelihara hewan
76210,21,female,Kota Bandung,App developer,PT Bank Rakyat Indonesia Tbk,Memelihara hewan
54005,25,female,Kabupaten Lamongan,Content creator,Institut Teknologi Sepuluh Nopember (ITS),Menyanyi
3202,18,female,Kabupaten Sukabumi,Infuencer,SMA A,Olahraga
31951,70,female,Kabupaten Sampang,Data analyst,PT Garuda Indonesia,Makan
15820,68,female,Kota Cimahi,Data analyst,PT Astra International,Melukis
16384,22,male,Kabupaten Gunungkidul,App developer,Universitas Hasanuddin (UNHAS),Membaca
83989,41,female,Kabupaten Jepara,Content creator,Universitas Telkom,Fotografi
22442,33,male,Kabupaten Malang,Content creator,PT Gudang Garam Tbk,Bermain musik
5698,40,male,Kabupaten Lamongan,Infuencer,PT Bank Rakyat Indonesia Tbk,Makan
24557,23,male,Kabupaten Pekalongan,Siswa,Universitas Dian Nuswantoro,Membaca
77321,18,male,Kabupaten Kediri,Infuencer,Universitas Airlangga (UNAIR),Memelihara hewan
53422,62,male,Kota Bekasi,Blogger,Universitas Negeri Surabaya (UNESA),Merakit model
76179,16,male,Kabupaten Pangandaran,Content writer,PT Freeport,Memasak
92703,17,female,Kabupaten Pandeglang,Penulis,PT Gudang Garam Tbk,Olahraga
15542,19,female,Kabupaten Tegal,Content creator,Universitas Negeri Semarang (UNNES),Kolektor
43024,70,female,Kota Mojokerto,Penulis,Universitas Negeri Semarang (UNNES),Fotografi
74627,16,male,Kabupaten Sukoharjo,Desain grafis,PT PLN,Memasak
85110,17,male,Kota Semarang,Programmer,Universitas Diponegoro (UNDIP),Merakit model
93754,16,female,Kabupaten Indramayu,Ilustrator,Institut Teknologi Bandung (ITB),Programming
59019,19,female,Kabupaten Sleman,Ilustrator,Universitas Sumatera Utara (USU),Menari
65624,14,male,Kota Bandung,Content writer,Universitas Airlangga (UNAIR),Merakit model
81800,54,female,Kabupaten Pacitan,Video editor,PT Semen Indonesia,Mendengarkan musik
89517,108,male,Kabupaten Magetan,Mahasiswa,Universitas Negeri Yogyakarta (UNY),Makan
7341,16,female,Kabupaten Grobogan,Web developer,Universitas Negeri Malang (UM),Menulis
25415,55,male,Kabupaten Batang,Penerjemah,PT Astra International,Berkebun
15336,66,female,Kabupaten Purbalingga,Blogger,Universitas Bina Nusantara (Binus),Mendengarkan musik
71,16,female,Kabupaten Kebumen,Content creator,Universitas Negeri Surabaya (UNESA),Melukis
81057,23,female,Kota Magelang,Web developer,PT Bank Central Asia Tbk,Bermain game
91413,17,male,Kabupaten Malang,Penulis,Universitas Negeri Jakarta (UNJ),Olahraga
53165,16,male,Kabupaten Sukoharjo,Content creator,PT Garuda Indonesia,Fotografi
1379,43,female,Kabupaten Banjarnegara,Blogger,Universitas Bina Nusantara (Binus),Menonton
32486,25,female,Kabupaten Brebes,Programmer,Universitas Bina Nusantara (Binus),Menulis
61736,24,male,Kota Tasikmalaya,Content writer,Universitas Gadjah Mada (UGM),Olahraga
10427,21,female,Kabupaten Purbalingga,Blogger,Universitas Negeri Malang (UM),Memelihara hewan
20639,40,male,Kota Sukabumi,Mahasiswa,Universitas Gadjah Mada (UGM),Menulis
38229,43,female,Kabupaten Madiun,Content creator,Universitas Udayana (UNUD),Menari
83007,52,male,Kabupaten Magetan,Web developer,PT Bank Mandiri Tbk,Bermain game
12628,62,female,Kabupaten Purwakarta,Video editor,Universitas Padjadjaran (UNPAD),Memelihara hewan
67055,23,female,Kabupaten Cilacap,Web developer,Universitas Hasanuddin (UNHAS),Programming
19671,29,female,Kota Banjar,Blogger,Universitas Lampung (UNILA),Menganyam
960,30,female,Kabupaten Magelang,App developer,PT Freeport,Memelihara hewan
29250,36,female,Kabupaten Batang,App developer,Universitas Negeri Semarang (UNNES),Bermain musik
5941,26,female,Kabupaten Pasuruan,App developer,Universitas Diponegoro (UNDIP),Eksplor alam
77558,18,female,Kabupaten Indramayu,Siswa,Universitas Negeri Malang (UM),Melukis
14696,72,male,Kabupaten Banyumas,Content writer,PT Astra International,Olahraga
15370,52,female,Kabupaten Kuningan,Desain grafis,PT Unilever Indonesia,Melukis
12243,21,male,Kota Batu,Blogger,Universitas Sumatera Utara (USU),Mendengarkan musik
70204,20,male,Kabupaten Kendal,Content writer,Universitas Gunadarma,Makan
26793,108,male,Kabupaten Sragen,Siswa,Universitas Udayana (UNUD),Memelihara hewan
41109,21,female,Kota Tangerang Selatan,Video editor,PT Bank Negara Indonesia Tbk,Eksplor alam
32097,67,female,Kabupaten Bangkalan,Mahasiswa,Universitas Gunadarma,Makan
98367,19,female,Kabupaten Blitar,Blogger,PT Gudang Garam Tbk,Fotografi
73765,30,male,Kota Serang,Siswa,Universitas Negeri Malang (UM),Kolektor
85870,98,female,Kota Probolinggo,Video editor,Universitas Padjadjaran (UNPAD),Melukis
49503,25,female,Kabupaten Banjarnegara,Content writer,Universitas Gadjah Mada (UGM),Menulis
16133,25,male,Kota Salatiga,Penerjemah,Universitas Andalas (UNAND),Merakit model
12891,51,male,Kabupaten Cianjur,Infuencer,Universitas Gadjah Mada (UGM),Menonton
94742,37,female,Kabupaten Subang,Web developer,Universitas Negeri Semarang (UNNES),Fotografi
10727,98,male,Kota Blitar,Content writer,PT Pertamina,Fotografi
96547,18,female,Kabupaten Tuban,Penulis,PT Bank Mandiri Tbk,Menonton
87235,23,male,Kabupaten Banyumas,Programmer,PT Gudang Garam Tbk,Menyanyi
51613,19,male,Kabupaten Blora,Content writer,Universitas Diponegoro (UNDIP),Memelihara hewan
69854,33,female,Kabupaten Gresik,Siswa,PT Semen Indonesia,Programming
81513,15,male,Kabupaten Demak,Programmer,Universitas Lampung (UNILA),Memasak
48706,19,male,Kota Tangerang Selatan,Web developer,Universitas Negeri Surabaya (UNESA),Fotografi
78172,18,female,Kabupaten Kudus,Content writer,Universitas Dian Nuswantoro,Menganyam
85319,108,male,Kota Bogor,Web developer,Universitas Dian Nuswantoro,Berkebun
98806,16,female,Kabupaten Sragen,Web developer,Universitas Hasanuddin (UNHAS),Mendengarkan musik
86189,26,male,Kabupaten Ponorogo,App developer,Institut Pertanian Bogor (IPB),Menyanyi
58451,63,male,Kabupaten Cilacap,Penerjemah,PT PLN,Menganyam
12170,14,female,Kabupaten Pangandaran,Programmer,Institut Teknologi Bandung (ITB),Bermain game
94950,21,male,Kabupaten Bondowoso,Content creator,SMA B,Menyanyi
1806,27,male,Kabupaten Temanggung,Ilustrator,Universitas Udayana (UNUD),Melukis
15754,43,male,Kota Pekalongan,Mahasiswa,Universitas Gadjah Mada (UGM),Fotografi
23348,35,male,Kabupaten Tuban,Data analyst,SMA B,Programming
65487,18,male,Kabupaten Karawang,Programmer,Universitas Indonesia (UI),Makan
57465,24,male,Kota Surabaya,Programmer,Institut Teknologi Sepuluh Nopember (ITS),Menonton
82161,21,female,Kabupaten Banyumas,Video editor,Universitas Lampung (UNILA),Olahraga
78441,23,male,Kabupaten Blitar,Data analyst,PT Bank Mandiri Tbk,Merakit model
92664,25,female,Kabupaten Blora,Penerjemah,Universitas Negeri Semarang (UNNES),Menganyam
13851,36,male,Kota Bekasi,Blogger,Universitas Telkom,Melukis
64073,29,male,Kabupaten Pekalongan,Content writer,Universitas Diponegoro (UNDIP),Melukis
5775,15,male,Kabupaten Lumajang,Video editor,PT Bank Negara Indonesia Tbk,Mendengarkan musik
84534,96,male,Kabupaten Serang,Siswa,PT Freeport,Kolektor
64462,27,female,Kota Depok,Mahasiswa,SMA B,Eksplor alam
77254,103,male,Kota Madiun,Web developer,SMA A,Fotografi
45930,29,female,Kabupaten Cianjur,Penulis,Universitas Telkom,Kolektor
21812,50,female,Kabupaten Tegal,Infuencer,Universitas Lampung (UNILA),Bermain game
77991,52,female,Kabupaten Pemalang,Content creator,PT PLN,Eksplor alam
20290,29,female,Kota Sukabumi,App developer,Universitas Negeri Surabaya (UNESA),Kolektor
29391,19,female,Kota Mojokerto,Content writer,PT Bank Central Asia Tbk,Menganyam
97679,27,female,Kota Cimahi,Programmer,Universitas Negeri Jakarta (UNJ),Memelihara hewan
77029,23,male,Kabupaten Karanganyar,Programmer,Universitas Padjadjaran (UNPAD),Olahraga
53880,31,male,Kota Salatiga,Penerjemah,Universitas Dian Nuswantoro,Menari
5196,34,male,Kota Kediri,Data analyst,SMA B,Makan
5278,47,male,Kabupaten Kuningan,App developer,Institut Teknologi Bandung (ITB),Bermain game
84059,15,male,Kabupaten Tulungagung,Content creator,Universitas Negeri Malang (UM),Menganyam
85431,18,female,Kabupaten Sragen,Penulis,PT Bank Mandiri Tbk,Bermain game
37322,28,male,Kabupaten Nganjuk,Data analyst,PT Bank Central Asia Tbk,Memasak
93952,18,female,Kota Surakarta,Siswa,PT Unilever Indonesia,Olahraga
80139,19,male,Kabupaten Cianjur,Content writer,Universitas Hasanuddin (UNHAS),Melukis
71287,25,male,Kabupaten Nganjuk,Blogger,Universitas Sebelas Maret (UNS),Olahraga
19159,18,male,Kabupaten Tegal,Ilustrator,PT PLN,Mendengarkan musik
98736,14,female,Kabupaten Sumedang,Penulis,Universitas Sebelas Maret (UNS),Memasak
89032,30,female,Kabupaten Bekasi,Web developer,SMA C,Memasak
7891,60,male,Kota Banjar,Content writer,Universitas Sebelas Maret (UNS),Kolektor
79015,49,male,Kabupaten Bogor,Web developer,Universitas Udayana (UNUD),Bermain musik
19698,35,female,Kabupaten Trenggalek,Infuencer,PT Bank Central Asia Tbk,Menari
11785,91,male,Kabupaten Wonosobo,Video editor,Universitas Bina Nusantara (Binus),Melukis
5542,32,male,Kabupaten Probolinggo,Video editor,Universitas Gunadarma,Menulis
41487,27,male,Kabupaten Sragen,Siswa,PT Unilever Indonesia,Menari
97766,22,female,Kabupaten Trenggalek,App developer,SMA A,Memasak
9179,46,male,Kabupaten Ciamis,Video editor,Universitas Gadjah Mada (UGM),Bermain musik
76614,19,female,Kabupaten Bogor,Content writer,Universitas Diponegoro (UNDIP),Makan
72632,48,male,Kabupaten Cianjur,Penerjemah,PT Semen Indonesia,Menganyam
75999,15,female,Kabupaten Kebumen,App developer,Universitas Sumatera Utara (USU),Membaca
42831,31,male,Kabupaten Sampang,App developer,Institut Teknologi Bandung (ITB),Menganyam
79886,32,male,Kabupaten Bandung Barat,Video editor,PT Gudang Garam Tbk,Programming
34366,38,female,Kabupaten Purwakarta,Video editor,Universitas Negeri Semarang (UNNES),Menulis
2094,18,male,Kota Surakarta,Data analyst,Universitas Gunadarma,Makan
35791,19,male,Kabupaten Bangkalan,Data analyst,PT Semen Indonesia,Mendengarkan musik
62922,93,female,Kabupaten Sampang,Programmer,Universitas Negeri Malang (UM),Mendengarkan musik
75274,19,female,Kota Batu,Siswa,Universitas Gunadarma,Merakit model
75600,80,female,Kabupaten Karanganyar,Penulis,Universitas Negeri Jakarta (UNJ),Menyanyi
32450,22,male,Kabupaten Trenggalek,Programmer,PT Bank Central Asia Tbk,Berkebun
48978,54,male,Kabupaten Bekasi,App developer,Universitas Gadjah Mada (UGM),Menulis
92358,68,male,Kabupaten Pemalang,Blogger,PT Bank Rakyat Indonesia Tbk,Programming
24691,62,male,Kabupaten Bekasi,Web developer,PT Bank Negara Indonesia Tbk,Memasak
20950,26,male,Kabupaten Sragen,Content writer,Institut Pertanian Bogor (IPB),Bermain musik
19207,55,female,Kabupaten Lumajang,Data analyst,Universitas Lampung (UNILA),Menonton
72644,22,male,Kabupaten Lumajang,Content creator,Universitas Indonesia (UI),Berkebun
41722,67,male,Kota Malang,Desain grafis,Universitas Indonesia (UI),Melukis
63948,39,female,Kota Mojokerto,Content creator,PT Astra International,Berkebun
43928,23,female,Kabupaten Ngawi,Blogger,PT PLN,Menari
38145,29,female,Kabupaten Purwakarta,Penerjemah,PT Pertamina,Merakit model
31448,46,male,Kabupaten Kudus,Web developer,Institut Pertanian Bogor (IPB),Kolektor
73344,23,female,Kota Pasuruan,Infuencer,PT Telkom Indonesia,Eksplor alam
56215,34,male,Kabupaten Karawang,Programmer,Universitas Hasanuddin (UNHAS),Bermain game
23594,33,male,Kabupaten Jombang,Data analyst,Universitas Udayana (UNUD),Memelihara hewan
66699,47,male,Kabupaten Sumedang,Desain grafis,Universitas Diponegoro (UNDIP),Memasak
8647,28,male,Kabupaten Tuban,Siswa,Universitas Gunadarma,Menulis
44867,67,female,Kabupaten Mojokerto,Web developer,Universitas Dian Nuswantoro,Membaca
12998,38,male,Kabupaten Bangkalan,Web developer,SMA A,Menulis
21054,37,female,Kota Bogor,Content creator,PT Pertamina,Kolektor
29904,28,female,Kota Bandung,App developer,Universitas Sumatera Utara (USU),Membaca
82607,36,male,Kabupaten Pasuruan,Siswa,Universitas Negeri Malang (UM),Bermain musik
32737,16,male,Kota Blitar,Mahasiswa,Universitas Gadjah Mada (UGM),Bermain game
97720,15,female,Kota Blitar,Ilustrator,SMA B,Makan
94433,15,male,Kota Tasikmalaya,Siswa,Universitas Indonesia (UI),Fotografi
62563,20,female,Kabupaten Serang,Penulis,Universitas Andalas (UNAND),Menyanyi
82424,19,male,Kabupaten Klaten,App developer,Universitas Brawijaya (UB),Memasak
98315,14,female,Kota Cilegon,Penerjemah,Universitas Negeri Jakarta (UNJ),Memelihara hewan
64403,28,female,Kota Malang,Content creator,PT Garuda Indonesia,Menganyam
68676,16,male,Kabupaten Sampang,Ilustrator,SMA C,Mendengarkan musik
87477,23,female,Kabupaten Malang,Penulis,PT Pertamina,Fotografi
8194,51,male,Kota Tangerang Selatan,Desain grafis,Universitas Dian Nuswantoro,Eksplor alam
15510,25,female,Kabupaten Serang,Infuencer,Institut Teknologi Bandung (ITB),Eksplor alam
45420,18,male,Kabupaten Sragen,App developer,PT Bank Rakyat Indonesia Tbk,Menonton
7771,43,male,Kabupaten Magetan,Siswa,Universitas Dian Nuswantoro,Mendengarkan musik
77323,51,male,Kota Tangerang Selatan,Mahasiswa,PT Garuda Indonesia,Eksplor alam
8230,33,male,Kabupaten Sidoarjo,Penulis,Universitas Gadjah Mada (UGM),Programming
502,23,male,Kabupaten Bantul,Penerjemah,PT Garuda Indonesia,Makan
9768,33,female,Kabupaten Bojonegoro,Siswa,Institut Teknologi Sepuluh Nopember (ITS),Menulis
34887,40,male,Kota Tegal,Mahasiswa,Universitas Gadjah Mada (UGM),Menari
55968,50,female,Kabupaten Probolinggo,Desain grafis,Universitas Hasanuddin (UNHAS),Kolektor
65409,28,male,Kabupaten Malang,Programmer,Universitas Bina Nusantara (Binus),Mendengarkan musik
71548,18,male,Kota Sukabumi,Programmer,Universitas Sebelas Maret (UNS),Olahraga
2654,31,male,Kota Mojokerto,Content creator,Universitas Telkom,Merakit model
50505,17,male,Kabupaten Blitar,Penerjemah,Universitas Gunadarma,Bermain musik
96137,83,female,Kota Tegal,Ilustrator,Universitas Diponegoro (UNDIP),Melukis
91062,23,male,Kota Cilegon,Web developer,PT PLN,Menganyam
8132,33,male,Kabupaten Bekasi,Infuencer,PT Freeport,Bermain game
26361,19,female,Kabupaten Ngawi,Content creator,Universitas Bina Nusantara (Binus),Menonton
7906,63,female,Kabupaten Karawang,Data analyst,PT Garuda Indonesia,Fotografi
48803,17,male,Kabupaten Tulungagung,Infuencer,Universitas Bina Nusantara (Binus),Melukis
17434,66,female,Kabupaten Pekalongan,Penulis,Universitas Gadjah Mada (UGM),Olahraga
26367,69,female,Kabupaten Rembang,Penulis,Universitas Airlangga (UNAIR),Memelihara hewan
68632,85,male,Kabupaten Lumajang,App developer,PT Bank Negara Indonesia Tbk,Menonton
18524,26,male,Kabupaten Blora,Penulis,PT Astra International,Berkebun
1265,38,male,Kabupaten Gunungkidul,App developer,Universitas Hasanuddin (UNHAS),Membaca
18957,21,male,Kabupaten Pemalang,Desain grafis,Universitas Udayana (UNUD),Kolektor
18466,22,male,Kota Serang,Blogger,Universitas Gadjah Mada (UGM),Makan
78976,53,male,Kota Batu,Penerjemah,Universitas Diponegoro (UNDIP),Menganyam
83228,16,male,Kabupaten Wonogiri,Web developer,Universitas Indonesia (UI),Menari
95920,17,female,Kota Surakarta,Ilustrator,Universitas Negeri Yogyakarta (UNY),Menyanyi
59196,14,male,Kabupaten Ngawi,Data analyst,Universitas Negeri Yogyakarta (UNY),Memasak
93638,19,male,Kabupaten Pemalang,App developer,PT PLN,Membaca
67833,26,female,Kota Semarang,Content creator,Universitas Gadjah Mada (UGM),Melukis
34988,17,male,Kabupaten Sampang,App developer,Institut Teknologi Sepuluh Nopember (ITS),Menyanyi
19553,34,female,Kabupaten Rembang,App developer,PT Bank Mandiri Tbk,Menganyam
79993,34,female,Kota Mojokerto,Content creator,SMA B,Menari
83437,33,male,Kabupaten Banyumas,Mahasiswa,Universitas Airlangga (UNAIR),Memasak
30137,21,male,Kota Bekasi,Ilustrator,PT Bank Central Asia Tbk,Bermain game
34404,39,female,Kabupaten Sidoarjo,Desain grafis,PT Telkom Indonesia,Menari
72549,60,female,Kota Surabaya,Siswa,PT Semen Indonesia,Eksplor alam
19474,54,female,Kota Salatiga,Video editor,PT Bank Central Asia Tbk,Makan
68859,70,female,Kota Bogor,Content creator,Universitas Negeri Surabaya (UNESA),Menonton
1426,45,female,Kota Pasuruan,Penerjemah,Universitas Sebelas Maret (UNS),Memelihara hewan
25454,65,female,Kabupaten Madiun,Penulis,Universitas Negeri Malang (UM),Olahraga
46682,25,male,Kabupaten Rembang,Content creator,Universitas Gunadarma,Merakit model
71498,16,male,Kabupaten Semarang,Content writer,Universitas Diponegoro (UNDIP),Fotografi
36645,59,male,Kabupaten Pemalang,Content creator,Universitas Sumatera Utara (USU),Olahraga
76759,24,male,Kabupaten Tegal,Desain grafis,PT Semen Indonesia,Berkebun
33729,64,male,Kabupaten Gunungkidul,Content creator,PT Garuda Indonesia,Merakit model
38050,29,male,Kabupaten Bangkalan,Penerjemah,SMA B,Programming
30920,35,male,Kabupaten Demak,Content writer,Universitas Gunadarma,Programming
69359,26,female,Kabupaten Pekalongan,Content writer,Universitas Brawijaya (UB),Bermain game
82399,68,female,Kabupaten Klaten,Ilustrator,Universitas Negeri Jakarta (UNJ),Menganyam
63018,56,male,Kabupaten Pekalongan,Blogger,Universitas Telkom,Bermain musik
43137,28,male,Kota Probolinggo,Programmer,Universitas Lampung (UNILA),Bermain musik
27034,43,male,Kabupaten Tulungagung,Penulis,Universitas Diponegoro (UNDIP),Melukis
86972,19,female,Kabupaten Bojonegoro,Penulis,PT Bank Negara Indonesia Tbk,Merakit model
62519,25,male,Kota Salatiga,Desain grafis,Universitas Padjadjaran (UNPAD),Merakit model
19853,29,female,Kota Surabaya,Content creator,Universitas Negeri Semarang (UNNES),Olahraga
61983,25,female,Kabupaten Sragen,Penulis,Universitas Negeri Jakarta (UNJ),Bermain musik
66233,18,male,Kabupaten Ciamis,Penerjemah,Universitas Dian Nuswantoro,Berkebun
76294,18,male,Kota Tangerang Selatan,Penerjemah,Universitas Gadjah Mada (UGM),Mendengarkan musik
65201,21,male,Kabupaten Tuban,Programmer,Universitas Sumatera Utara (USU),Bermain game
84383,19,male,Kabupaten Cilacap,Siswa,PT Garuda Indonesia,Menonton
17948,21,male,Kabupaten Situbondo,Penerjemah,Universitas Negeri Yogyakarta (UNY),Kolektor
74919,31,male,Kabupaten Majalengka,App developer,PT Bank Rakyat Indonesia Tbk,Makan
23718,26,male,Kabupaten Grobogan,Mahasiswa,PT Unilever Indonesia,Memasak
49686,58,male,Kota Semarang,Mahasiswa,Institut Teknologi Bandung (ITB),Menyanyi
32313,22,male,Kabupaten Lebak,Desain grafis,Universitas Sebelas Maret (UNS),Programming
59835,48,male,Kabupaten Purworejo,Ilustrator,Institut Teknologi Bandung (ITB),Programming
49755,16,male,Kabupaten Ngawi,Ilustrator,Universitas Sumatera Utara (USU),Bermain game
46336,19,male,Kabupaten Pati,Web developer,Universitas Diponegoro (UNDIP),Kolektor
38360,18,male,Kabupaten Lumajang,Ilustrator,Institut Pertanian Bogor (IPB),Menyanyi
47542,26,female,Kabupaten Kediri,Web developer,Universitas Sumatera Utara (USU),Eksplor alam
3976,24,male,Kabupaten Sragen,Content creator,Universitas Gadjah Mada (UGM),Merakit model
14842,27,male,Kota Surabaya,Penerjemah,PT Garuda Indonesia,Olahraga
62484,18,female,Kabupaten Bantul,Programmer,Institut Teknologi Sepuluh Nopember (ITS),Menyanyi
54761,82,female,Kabupaten Purworejo,Penulis,SMA B,Kolektor
76194,18,female,Kabupaten Ciamis,Content writer,PT Freeport,Mendengarkan musik
20758,27,female,Kota Serang,Blogger,PT Unilever Indonesia,Melukis
91756,103,female,Kabupaten Cirebon,Data analyst,PT Bank Negara Indonesia Tbk,Olahraga
88819,18,female,Kota Surabaya,Programmer,Universitas Negeri Yogyakarta (UNY),Menonton
64172,24,male,Kabupaten Grobogan,App developer,Universitas Negeri Jakarta (UNJ),Menulis
27579,45,female,Kabupaten Malang,Penerjemah,Universitas Bina Nusantara (Binus),Menari
26706,50,male,Kabupaten Probolinggo,Video editor,PT Unilever Indonesia,Fotografi
31456,49,male,Kabupaten Lebak,Content creator,Universitas Brawijaya (UB),Eksplor alam
41504,27,male,Kota Cilegon,Web developer,Institut Pertanian Bogor (IPB),Menulis
78951,20,male,Kabupaten Malang,Content creator,PT Semen Indonesia,Menonton
69289,23,male,Kabupaten Karanganyar,Data analyst,SMA B,Menonton
74706,31,male,Kabupaten Situbondo,Mahasiswa,PT Telkom Indonesia,Menganyam
12507,39,male,Kota Kediri,Desain grafis,Universitas Hasanuddin (UNHAS),Merakit model
49391,28,male,Kabupaten Demak,Desain grafis,Institut Pertanian Bogor (IPB),Menganyam
25626,47,female,Kabupaten Nganjuk,Desain grafis,PT Telkom Indonesia,Menyanyi
1999,16,male,Kabupaten Pekalongan,Data analyst,Universitas Diponegoro (UNDIP),Menonton
90891,18,female,Kabupaten Tangerang,App developer,SMA A,Kolektor
95364,19,female,Kabupaten Ciamis,Penerjemah,Universitas Padjadjaran (UNPAD),Fotografi
58399,18,male,Kabupaten Bandung Barat,Infuencer,PT Semen Indonesia,Berkebun
49603,61,female,Kota Tangerang Selatan,Infuencer,PT Unilever Indonesia,Memelihara hewan
50456,56,female,Kabupaten Trenggalek,Content writer,Universitas Gunadarma,Merakit model
77194,22,male,Kabupaten Purbalingga,Blogger,Universitas Telkom,Menganyam
43497,30,male,Kabupaten Trenggalek,App developer,Universitas Bina Nusantara (Binus),Merakit model
43588,26,male,Kabupaten Blitar,Infuencer,PT Gudang Garam Tbk,Kolektor
65931,19,male,Kabupaten Jombang,Infuencer,Universitas Diponegoro (UNDIP),Menganyam
10809,25,female,Kabupaten Nganjuk,Data analyst,Universitas Gadjah Mada (UGM),Berkebun
71430,22,male,Kabupaten Garut,Web developer,PT PLN,Membaca
33756,57,male,Kabupaten Boyolali,Programmer,Universitas Telkom,Mendengarkan musik
41018,66,female,Kota Depok,Data analyst,Institut Teknologi Sepuluh Nopember (ITS),Mendengarkan musik
83858,31,female,Kabupaten Mojokerto,Ilustrator,PT Bank Negara Indonesia Tbk,Eksplor alam
22650,27,male,Kota Malang,Penerjemah,PT PLN,Menulis
23693,33,male,Kabupaten Jombang,Desain grafis,PT PLN,Berkebun
49413,37,male,Kota Jakarta,Siswa,PT Bank Mandiri Tbk,Menari
2288,23,male,Kabupaten Tangerang,Data analyst,PT Telkom Indonesia,Programming
72211,18,female,Kabupaten Magetan,Data analyst,PT Bank Rakyat Indonesia Tbk,Menulis
77732,16,male,Kabupaten Demak,Data analyst,PT Bank Rakyat Indonesia Tbk,Menyanyi
93188,20,male,Kota Madiun,Mahasiswa,Universitas Negeri Surabaya (UNESA),Membaca
42212,37,male,Kabupaten Pekalongan,Web developer,Universitas Lampung (UNILA),Mendengarkan musik
51507,21,male,Kabupaten Tasikmalaya,Infuencer,Universitas Negeri Surabaya (UNESA),Olahraga
97075,18,male,Kabupaten Boyolali,Programmer,PT PLN,Membaca
49168,19,male,Kabupaten Pacitan,Siswa,PT Freeport,Programming
2909,43,male,Kabupaten Sumedang,App developer,Institut Pertanian Bogor (IPB),Melukis
14250,15,male,Kabupaten Grobogan,Mahasiswa,Universitas Dian Nuswantoro,Menonton
96792,16,female,Kota Bekasi,Content writer,Universitas Bina Nusantara (Binus),Eksplor alam
7784,44,male,Kabupaten Tuban,Programmer,Universitas Gunadarma,Fotografi
31569,21,male,Kabupaten Kendal,Penulis,PT Semen Indonesia,Menulis
45710,33,male,Kabupaten Wonogiri,Content writer,PT Bank Negara Indonesia Tbk,Berkebun
76658,32,female,Kota Madiun,Blogger,Universitas Gunadarma,Menulis
322,20,male,Kabupaten Lebak,Blogger,Universitas Lampung (UNILA),Menulis
23892,46,male,Kabupaten Tuban,Siswa,Universitas Bina Nusantara (Binus),Mendengarkan musik
46988,25,male,Kota Cirebon,Content creator,PT Astra International,Melukis
74762,36,male,Kota Surabaya,Programmer,Universitas Sumatera Utara (USU),Membaca
7436,21,male,Kabupaten Sragen,Mahasiswa,Universitas Negeri Jakarta (UNJ),Makan
53041,38,female,Kabupaten Pacitan,Mahasiswa,PT Bank Mandiri Tbk,Menonton
98419,96,female,Kota Kediri,Data analyst,Universitas Negeri Semarang (UNNES),Programming
52359,33,male,Kota Serang,Content writer,Universitas Padjadjaran (UNPAD),Merakit model
42918,17,male,Kabupaten Majalengka,Siswa,Universitas Telkom,Berkebun
57477,38,female,Kabupaten Purwakarta,Data analyst,PT Pertamina,Merakit model
82670,19,male,Kota Salatiga,Ilustrator,Universitas Telkom,Menonton
88857,17,male,Kabupaten Bojonegoro,Blogger,Universitas Indonesia (UI),Menganyam
18453,21,male,Kabupaten Bogor,Web developer,SMA A,Menari
53453,35,male,Kabupaten Sleman,Content creator,Universitas Padjadjaran (UNPAD),Memelihara hewan
76247,40,male,Kabupaten Purbalingga,Penerjemah,Universitas Telkom,Kolektor
21597,23,male,Kabupaten Karanganyar,Infuencer,PT Gudang Garam Tbk,Memelihara hewan
67929,18,male,Kota Surakarta,Content creator,Universitas Hasanuddin (UNHAS),Menari
20044,28,female,Kota Tangerang,Blogger,Institut Pertanian Bogor (IPB),Menulis
27797,45,male,Kabupaten Kudus,Infuencer,PT Bank Negara Indonesia Tbk,Makan
95774,18,female,Kabupaten Bondowoso,Data analyst,PT PLN,Kolektor
92873,16,female,Kabupaten Cilacap,Programmer,Universitas Diponegoro (UNDIP),Fotografi
33374,71,male,Kota Blitar,Content writer,PT Bank Central Asia Tbk,Menulis
14545,39,male,Kabupaten Cirebon,Penulis,PT Telkom Indonesia,Membaca
64968,51,male,Kabupaten Bondowoso,Web developer,SMA B,Membaca
80796,65,male,Kabupaten Banyumas,Ilustrator,Universitas Andalas (UNAND),Menari
43104,42,female,Kabupaten Batang,Desain grafis,Universitas Gadjah Mada (UGM),Menganyam
85822,20,female,Kota Bekasi,Penerjemah,PT PLN,Merakit model
94475,103,female,Kabupaten Sidoarjo,App developer,Universitas Telkom,Fotografi
64425,68,female,Kabupaten Lumajang,Infuencer,PT Bank Negara Indonesia Tbk,Menganyam
58713,55,female,Kota Yogyakarta,Mahasiswa,Universitas Udayana (UNUD),Melukis
82398,29,male,Kabupaten Kendal,Desain grafis,PT Gudang Garam Tbk,Olahraga
66697,46,male,Kota Cimahi,App developer,PT Gudang Garam Tbk,Memasak
54144,54,male,Kabupaten Magetan,Web developer,Institut Pertanian Bogor (IPB),Membaca
24464,21,female,Kabupaten Cianjur,Penulis,Universitas Bina Nusantara (Binus),Membaca
65169,17,male,Kota Kediri,Video editor,Universitas Telkom,Bermain musik
47537,25,female,Kabupaten Purbalingga,Web developer,PT Freeport,Fotografi
63361,43,male,Kabupaten Pamekasan,App developer,Universitas Lampung (UNILA),Merakit model
61976,64,female,Kota Kediri,Content creator,PT Gudang Garam Tbk,Menyanyi
45998,48,female,Kota Bandung,Content writer,Universitas Negeri Yogyakarta (UNY),Olahraga
5428,18,male,Kabupaten Wonosobo,Blogger,Universitas Telkom,Menari
29737,30,male,Kota Semarang,Infuencer,PT Bank Rakyat Indonesia Tbk,Menari
13567,23,male,Kabupaten Wonogiri,App developer,Universitas Gunadarma,Programming
95943,16,male,Kabupaten Kediri,Penerjemah,PT Astra International,Bermain musik
87865,33,male,Kota Tangerang,App developer,Institut Teknologi Sepuluh Nopember (ITS),Membaca
6620,24,male,Kabupaten Blitar,App developer,Universitas Negeri Surabaya (UNESA),Bermain game
81391,64,male,Kabupaten Boyolali,Penulis,Universitas Airlangga (UNAIR),Berkebun
88752,17,female,Kota Pasuruan,App developer,PT Bank Negara Indonesia Tbk,Berkebun
61054,31,female,Kabupaten Banjarnegara,Infuencer,PT Bank Negara Indonesia Tbk,Olahraga
79330,22,female,Kota Bogor,Video editor,Universitas Diponegoro (UNDIP),Makan
